max_acceleration,min_acceleration,speed_variance,heading_variance,average_speed,sample_count
0.55,-1.9499,0.7473,1.1179,42.068,23.0
1.3438,-2.4404,0.7341,0.7828,16.0614,18.0
1.9026,-1.661,1.4027,0.4534,49.772,17.0
1.1805,-2.189,2.8759,0.5381,18.7098,16.0
1.1879,-1.971,0.226,0.7162,19.993,21.0
1.0864,-1.2427,2.6678,0.5744,22.6915,16.0
4.1395,-6.5531,9.3565,8.4919,13.5851,19.0
2.1682,-2.1747,1.1303,1.0218,43.0728,25.0
1.7183,-2.1577,2.2145,0.2869,30.1782,25.0
0.9392,-1.8514,2.3281,0.1311,47.8721,20.0
0.6324,-0.6737,1.7448,1.091,23.5051,22.0
2.3291,-1.5823,0.8682,0.4076,37.4547,19.0
1.3569,-1.3329,1.1498,1.4961,20.5333,22.0
0.5942,-2.2807,1.9196,1.1985,31.8864,16.0
1.6918,-1.5639,0.8291,0.8522,52.6972,25.0
1.8634,-1.4261,0.8738,0.9794,19.4621,21.0
0.5065,-1.0558,2.1871,1.4592,45.4785,23.0
2.241,-1.9031,1.953,0.933,21.1136,17.0
2.0573,-1.4393,0.1017,0.52,15.7791,20.0
2.1633,-1.885,0.268,1.3231,52.878,16.0
2.132,-0.544,1.6448,0.2324,41.39,23.0
1.5553,-1.2868,2.8967,1.3969,45.2106,18.0
1.298,-1.1566,1.1829,1.3544,33.0594,18.0
1.1762,-1.3234,0.7673,0.3693,17.8397,25.0
0.6348,-2.4372,1.0582,0.7955,26.1391,22.0
0.7646,-0.629,1.756,0.7354,46.3848,21.0
0.6939,-1.6379,1.3284,0.7272,44.163,25.0
1.7924,-2.3788,2.2118,1.2109,19.3708,18.0
1.3972,-1.6562,0.9078,0.4122,51.9306,22.0
2.2119,-2.3042,1.9912,0.8339,15.5903,16.0
2.1974,-2.1674,1.5084,0.3599,31.0416,15.0
0.5043,-1.7192,2.7869,1.1884,26.41,23.0
1.4733,-2.1202,0.7313,0.1348,44.4295,15.0
0.6143,-1.3316,1.5583,1.2864,21.2973,23.0
0.8716,-1.3099,2.0581,0.391,19.7955,24.0
1.689,-1.2612,1.3158,0.8963,35.9113,19.0
1.9324,-2.0226,1.2478,1.024,26.9999,20.0
2.3715,-2.4814,1.9014,0.8663,18.9992,23.0
1.0304,-0.6335,2.6545,1.3249,29.7811,17.0
1.5864,-1.895,2.9532,1.2203,36.1576,25.0
1.0988,-1.1732,2.8229,0.2447,19.6171,16.0
0.8109,-1.9365,0.7108,0.5472,42.4999,19.0
1.0022,-0.6837,0.2473,0.9697,48.1739,15.0
6.8556,-4.8144,12.4532,16.1185,51.8928,21.0
0.7237,-0.6099,2.104,0.2661,16.4411,20.0
0.7962,-2.2451,0.9939,1.3535,46.8449,15.0
0.9202,-2.0009,0.3981,1.1812,50.3654,21.0
1.999,-0.6485,0.7865,0.2856,46.9955,17.0
0.5496,-1.0269,1.0633,1.3997,47.0894,18.0
2.0747,-2.2838,2.6293,1.295,23.8973,22.0
2.1411,-0.7574,0.7465,1.007,30.9386,19.0
2.4338,-1.9418,1.9603,0.6295,54.246,23.0
0.5552,-0.7459,0.8575,0.8919,54.342,15.0
1.3691,-1.0429,1.0097,0.929,35.4569,21.0
0.8802,-2.4112,1.3646,0.8039,47.2604,25.0
1.9839,-1.1587,1.1562,0.1515,41.5695,20.0
1.8268,-2.2507,2.7101,0.7853,41.6757,20.0
1.0913,-2.2454,1.3193,1.4135,42.0927,17.0
1.1019,-1.4041,0.1012,0.466,32.1955,24.0
1.1445,-1.6164,2.0593,0.7912,46.7494,17.0
1.0676,-1.1723,1.8959,0.1854,53.08,18.0
0.9493,-2.1017,0.1708,0.405,34.0055,16.0
2.2723,-1.3487,2.1832,0.6068,30.9861,17.0
0.5111,-0.9981,2.3331,0.2046,32.0058,17.0
1.8918,-1.5709,1.7165,1.3803,19.8543,17.0
1.8352,-0.5242,1.8268,1.4276,50.657,24.0
2.284,-1.6465,2.7299,0.6966,21.3663,22.0
2.0036,-0.8203,0.9042,1.1776,34.3839,18.0
0.655,-1.9285,0.888,0.5136,36.6061,17.0
1.2661,-2.1944,0.7205,0.6516,28.2353,22.0
0.9137,-1.6597,2.724,0.8969,42.8209,24.0
0.5118,-1.7965,2.2851,1.2875,53.1372,21.0
1.9693,-0.9003,2.7037,0.7579,25.9174,22.0
4.6806,-4.6043,14.8734,7.4757,44.7282,17.0
1.5682,-0.6861,1.8165,1.0113,18.3579,21.0
1.4234,-2.3994,1.1994,0.3569,28.0738,21.0
2.4024,-1.6569,2.5212,0.7319,44.961,15.0
1.1999,-1.1997,2.3656,0.995,45.1693,18.0
0.5408,-2.1952,0.466,1.0207,37.5588,18.0
1.0125,-1.7622,1.8571,1.4474,43.7343,17.0
0.7162,-2.4486,1.0047,1.0322,53.3269,21.0
0.8967,-1.3158,2.5087,0.4021,42.8877,19.0
1.7008,-2.2579,2.9531,1.1848,28.8882,21.0
0.6379,-1.2049,0.1367,0.6591,34.6081,21.0
1.7712,-0.8426,2.1512,0.6815,44.3518,25.0
2.1164,-1.4237,1.5021,0.6816,44.241,19.0
0.991,-0.6308,0.9089,0.7037,45.0191,24.0
1.258,-2.4426,2.5678,0.3137,23.4848,19.0
2.2606,-1.0976,0.9012,0.0647,52.9225,16.0
1.3129,-1.3896,0.7969,0.7403,43.4737,22.0
0.6861,-2.0568,2.1062,0.494,38.2622,22.0
1.1875,-0.5067,1.6961,0.5601,33.1498,19.0
0.7413,-2.1148,0.4467,0.827,45.4876,17.0
1.9772,-1.947,1.8098,1.1523,38.8716,16.0
1.0925,-1.7782,0.9766,1.0766,20.0633,15.0
1.6067,-1.1052,0.4662,1.3093,34.6351,15.0
1.4388,-1.6191,0.6347,0.1245,52.6425,22.0
0.6307,-1.5165,1.7734,1.0454,21.0691,24.0
0.6704,-2.0036,1.7184,0.6535,38.8451,24.0
1.5451,-1.599,1.3839,1.2972,54.6013,19.0
0.6205,-0.5798,0.3878,1.156,40.0206,19.0
0.8141,-2.1524,0.3177,0.0539,33.0201,24.0
0.5653,-1.9238,0.9199,1.2964,17.8472,18.0
2.0757,-1.2499,2.0174,1.4038,32.0056,23.0
0.798,-1.9687,0.5125,0.1365,46.7051,24.0
1.6384,-1.9228,0.4606,1.0486,42.9893,19.0
1.4876,-2.3391,0.2156,0.6764,27.8929,19.0
4.1446,-4.6285,22.6288,13.8068,6.7634,25.0
1.6525,-0.9738,0.6081,0.8025,32.6892,19.0
1.6707,-1.2304,1.526,0.1823,28.9184,20.0
0.7092,-2.1784,1.2938,0.7684,41.5033,21.0
1.6002,-1.5903,1.0121,0.5187,53.8074,21.0
2.1499,-2.4977,2.6212,0.7199,17.1682,23.0
2.0129,-1.2492,2.304,0.3452,36.9688,19.0
1.8965,-2.2571,2.9221,0.9329,24.5719,17.0
0.5273,-1.684,0.7516,1.27,19.5384,16.0
0.8079,-0.6347,0.9464,1.0728,31.6196,22.0
0.9875,-1.3975,1.2124,1.3867,35.3296,17.0
1.0525,-0.92,1.3033,1.4047,35.3095,15.0
1.0971,-1.3261,2.9968,0.76,20.9438,23.0
1.1649,-0.9743,1.1939,1.4026,49.7841,18.0
0.9671,-0.9489,0.2266,1.1298,43.2091,21.0
1.8274,-0.8585,2.9444,0.7682,16.4808,23.0
1.164,-2.2993,2.5506,0.1946,51.4177,15.0
1.32,-1.1904,0.5476,0.7308,53.7681,20.0
1.295,-2.3394,1.0528,1.0278,36.3449,20.0
2.2749,-1.5241,1.6689,0.9453,24.3908,25.0
2.4949,-1.0065,1.3585,0.1927,40.3499,16.0
1.888,-0.6932,0.2334,1.2044,26.7347,20.0
0.9884,-1.6759,2.0772,0.3111,22.0028,24.0
1.7394,-2.0183,2.7472,0.2575,33.446,19.0
1.8337,-0.7022,1.4492,0.4671,36.8639,16.0
1.1911,-1.3249,1.9529,0.6652,25.0039,19.0
1.2694,-1.5336,0.7879,0.8793,37.9925,19.0
7.1502,-6.021,8.1377,17.976,71.1565,15.0
1.9903,-0.8343,2.7185,1.1748,24.2047,20.0
0.8803,-1.9987,2.2912,1.1628,42.2342,17.0
2.3068,-1.2073,0.9959,0.6892,38.183,17.0
1.0902,-1.005,0.6094,0.2416,36.5763,20.0
2.327,-0.8391,0.8452,1.2458,34.2739,19.0
1.1774,-2.2697,2.8924,0.2541,53.66,25.0
2.4599,-0.5655,2.4333,0.5804,46.6273,15.0
0.7472,-1.7628,2.2721,0.4301,30.241,25.0
0.7167,-2.0324,0.1726,1.3321,37.4563,24.0
0.6264,-0.8523,2.7372,0.4882,31.3318,17.0
3.1861,-3.0204,9.974,8.522,50.6915,21.0
1.841,-1.0137,2.8433,0.6577,44.6908,17.0
1.8098,-0.8326,1.8854,1.4116,26.1896,20.0
1.3894,-2.0278,1.1518,1.4723,29.6934,25.0
1.2963,-2.1204,0.4543,1.2796,33.1887,25.0
1.779,-0.5578,0.2467,0.5336,54.5528,24.0
2.1596,-1.3916,1.8005,1.2289,24.3199,17.0
1.692,-1.9455,2.9537,1.4819,36.6086,17.0
2.2329,-2.2364,1.1389,1.1932,38.5541,15.0
0.6048,-1.0166,1.6256,1.1312,34.0498,20.0
0.7181,-1.4923,2.8417,0.1129,46.3291,25.0
1.4161,-0.5719,0.2764,0.7445,31.0647,25.0
1.9248,-1.6129,2.7079,0.5171,20.9334,17.0
1.7662,-1.4033,1.043,1.4922,36.2223,22.0
1.3604,-0.9138,0.4318,0.9993,50.1082,23.0
0.93,-1.5969,0.7626,0.5415,33.14,21.0
1.1251,-1.875,0.8392,1.4327,42.4728,22.0
2.1635,-2.3135,0.38,1.1213,47.4708,23.0
2.4132,-1.3766,2.043,0.6457,49.9443,21.0
1.9421,-0.5632,1.8412,0.5599,38.1167,18.0
1.4644,-0.8055,1.1153,0.8566,19.5954,19.0
2.1144,-0.8097,2.9262,1.2367,39.5429,25.0
1.718,-1.1843,2.1111,0.092,25.9308,19.0
1.202,-2.1372,0.5154,1.0031,17.7834,25.0
0.6835,-1.439,1.191,0.7078,21.2964,19.0
2.0537,-1.3648,0.3464,0.1263,21.2964,24.0
3.4079,-5.7844,15.2083,14.1061,40.2056,18.0
0.7276,-1.6402,0.9214,1.0338,34.4653,25.0
0.941,-0.5311,0.2589,0.3464,52.813,17.0
1.0789,-2.26,1.5424,0.6744,20.1674,23.0
1.5005,-0.8333,2.438,0.1545,49.4706,15.0
1.4195,-2.3443,1.0079,0.6725,31.1769,25.0
0.7303,-2.4583,1.0418,1.2119,39.725,20.0
2.189,-2.0134,1.8077,0.8097,30.8307,19.0
0.9431,-0.9418,0.3215,0.9682,36.2242,18.0
1.1988,-1.0452,2.475,1.2318,24.4508,17.0
0.847,-2.1943,2.3015,0.1593,53.0517,25.0
2.0089,-0.9802,1.4018,1.39,37.5797,25.0
1.1464,-0.5581,1.0168,0.6877,33.7568,25.0
1.0493,-2.3877,1.5713,0.5001,33.0766,15.0
1.0742,-1.2107,2.9344,0.1809,38.7632,21.0
1.6086,-0.9164,2.698,0.7021,47.3926,25.0
1.71,-1.4973,2.8774,0.7033,47.4387,20.0
0.6687,-1.2077,0.2135,1.0761,54.6394,23.0
0.8175,-1.7543,0.9204,0.6427,28.5347,24.0
1.7618,-1.8307,1.0561,0.859,30.4626,19.0
1.8131,-0.6873,2.6325,0.5334,38.3096,17.0
1.1205,-1.1879,2.0202,0.237,43.3534,16.0
1.2534,-0.9167,2.4582,1.0217,48.1584,25.0
0.6869,-1.1591,1.5746,0.0764,27.3546,18.0
2.0323,-2.116,2.9999,0.2747,26.8317,16.0
1.5795,-1.0227,1.6269,1.0098,50.0557,24.0
1.2534,-2.1755,2.5109,1.1681,47.3617,17.0
0.5874,-1.7714,2.1868,1.4559,39.4238,22.0
0.9783,-0.5688,2.3747,1.3608,22.7606,25.0
2.4689,-1.5766,0.9171,0.6037,36.0984,17.0
2.1025,-2.2232,0.825,0.9797,49.9647,23.0
1.9228,-1.4682,0.4616,0.1716,21.4125,22.0
0.7947,-1.6251,2.8446,0.372,33.0451,20.0
1.3298,-1.7071,1.1845,0.6099,18.2642,18.0
7.6541,-3.8041,19.0493,16.8707,16.696,19.0
1.4449,-0.8378,2.3006,0.7302,39.6139,16.0
4.0783,-7.2524,23.9838,14.1332,40.9767,19.0
0.7437,-2.0231,1.953,0.9531,17.5123,22.0
0.5329,-1.4692,0.8016,0.2582,32.1696,24.0
1.6413,-2.1254,2.0378,0.8091,29.4242,23.0
2.0728,-1.4848,0.159,1.3163,16.7414,21.0
1.0073,-2.4675,2.3867,0.55,44.3176,25.0
1.6638,-0.9866,0.4869,0.5608,28.5419,25.0
2.0583,-1.5708,2.1166,0.966,47.4599,16.0
2.3872,-2.426,0.6846,1.1971,50.4316,20.0
1.5308,-0.5218,1.6748,0.4173,45.1316,18.0
2.2243,-2.4044,2.0016,0.4462,46.9737,21.0
1.9866,-0.7107,1.2213,1.4619,34.8481,22.0
2.0946,-1.9666,0.3396,0.6655,32.2243,17.0
1.1424,-2.3399,2.0167,0.4944,39.1049,21.0
1.3878,-1.6057,2.2078,1.3718,39.5941,21.0
2.4601,-0.6042,0.3176,0.9744,29.5324,25.0
0.5623,-0.8027,2.0665,0.6854,20.0492,18.0
1.2327,-1.7343,1.745,0.9274,42.1625,20.0
2.0262,-1.3522,1.6354,0.6271,40.9824,18.0
0.5518,-2.1279,1.6015,1.3746,19.7104,19.0
0.9291,-1.2762,2.1125,1.498,23.0071,17.0
1.4041,-0.7026,1.3908,0.1773,42.2772,20.0
1.9191,-1.4,0.9421,0.4849,21.3002,25.0
1.223,-2.0515,2.9569,1.1985,24.4694,22.0
5.7701,-6.1554,21.6622,13.2747,57.0156,16.0
1.2963,-1.0661,1.4881,0.6457,31.3773,24.0
2.4448,-1.2153,1.4049,1.0362,28.7806,23.0
0.8639,-0.5675,1.3546,1.3705,17.2165,16.0
1.1082,-2.1761,2.8107,0.3769,52.8993,23.0
2.1919,-1.9988,1.9417,0.8487,20.0068,19.0
0.6869,-1.218,1.8162,0.8919,21.848,24.0
1.7103,-0.8149,1.7345,1.2466,16.1349,15.0
2.042,-1.9707,0.7113,0.8796,39.7243,15.0
1.7543,-1.9207,2.8743,0.7503,47.1875,25.0
1.4071,-1.1228,0.5584,0.6527,33.5777,20.0
1.1252,-1.0633,2.2292,1.2981,54.015,17.0
1.53,-2.2876,0.801,0.2277,32.9838,17.0
1.0804,-1.7317,1.8846,0.41,49.6123,17.0
2.3675,-1.0577,0.6505,0.281,54.8388,22.0
1.1171,-2.4536,2.8412,0.7829,53.6675,18.0
0.5973,-1.9373,1.8328,1.2721,41.9008,19.0
2.1943,-1.6381,2.6591,1.1049,45.5543,20.0
3.2558,-5.1909,14.1629,9.329,37.8397,22.0
1.0594,-0.5218,2.0732,0.2223,54.0033,21.0
2.4736,-1.3843,1.1603,0.2592,39.0985,21.0
0.5906,-2.2259,1.0658,0.7369,33.2795,24.0
0.7796,-0.6373,1.0237,0.6198,39.66,19.0
1.5146,-1.4806,1.5206,0.8662,33.9957,15.0
1.8476,-0.5402,1.7927,1.2053,44.013,25.0
5.373,-3.1646,21.3094,16.6424,54.0989,15.0
0.841,-1.2419,1.8972,1.2697,20.911,25.0
1.6451,-1.099,0.6533,0.6895,31.7512,21.0
1.3208,-0.9501,2.7695,1.3156,44.4335,15.0
1.5374,-1.3782,2.9946,0.7436,30.073,17.0
1.5663,-1.4075,2.06,1.3081,42.2298,19.0
0.8845,-2.007,1.7185,0.3761,53.9164,19.0
1.9098,-1.1195,1.5181,0.7457,37.4195,19.0
1.647,-1.4136,2.6977,0.6221,28.8054,17.0
1.0753,-1.0717,1.1045,0.6914,25.2578,22.0
2.1559,-1.9577,1.7299,0.4439,19.3691,24.0
0.6015,-0.6896,0.7544,0.3876,19.0079,20.0
0.7011,-0.9585,0.115,0.848,52.164,21.0
2.2613,-1.5486,1.9866,1.1461,26.4898,19.0
2.3159,-2.3211,1.765,0.826,43.9247,15.0
0.8501,-0.7355,0.6098,1.3835,54.8869,21.0
0.8726,-1.002,2.6296,0.4697,16.4986,19.0
0.7146,-0.534,0.9252,1.4842,36.732,22.0
0.7684,-1.4916,0.8912,1.2228,28.2274,22.0
1.9372,-2.4718,1.0776,0.4778,41.976,18.0
2.2123,-0.7059,2.4983,0.7972,18.4695,25.0
2.4634,-1.5451,2.8139,0.0599,30.343,22.0
2.4081,-1.8961,2.1964,0.0666,41.1473,18.0
0.7364,-1.8864,1.2757,0.7787,50.8047,19.0
1.7774,-0.6187,1.1659,0.3702,53.2944,22.0
1.9955,-1.2885,1.306,0.8464,33.8331,23.0
2.1512,-0.9763,2.073,0.9139,46.4948,23.0
1.9075,-2.3438,1.7361,0.1395,36.906,23.0
1.5733,-2.1709,2.578,0.6907,42.2118,24.0
2.2978,-1.609,0.2613,0.2413,31.617,24.0
1.4248,-0.8862,2.1975,0.6241,47.6581,18.0
0.5906,-1.8109,0.2849,1.4915,52.3833,16.0
1.4441,-1.9258,0.6219,0.2464,40.661,25.0
1.2489,-0.7173,1.4008,1.3798,30.0999,16.0
1.8236,-1.4214,1.9952,0.5543,22.1389,23.0
0.7547,-0.5426,2.521,1.1465,54.1396,22.0
1.5889,-1.4361,2.4877,0.4089,28.8464,19.0
2.2504,-0.969,0.1934,1.0073,39.5969,15.0
0.6346,-1.3121,1.3947,1.0244,49.8885,18.0
1.3045,-2.0313,0.7301,1.3024,17.2578,23.0
0.9683,-0.6672,1.7707,0.8873,45.9015,20.0
2.2525,-0.5286,1.6116,0.6497,26.0062,23.0
2.2594,-0.6768,1.9154,0.6694,34.8248,20.0
1.8427,-0.9284,1.0243,0.6537,20.9687,21.0
1.5759,-2.0181,0.7535,1.2934,20.7741,22.0
1.6248,-0.5644,1.7161,0.2444,24.7143,18.0
0.6581,-1.6004,1.1761,0.8267,48.1763,15.0
1.8473,-1.2942,2.6335,0.3228,45.4679,25.0
1.4588,-0.7611,1.0656,1.4377,15.6133,18.0
0.7346,-0.5009,1.4889,0.4018,39.1761,18.0
0.9787,-1.8568,0.9209,0.7261,40.9489,19.0
1.5256,-1.5054,0.386,1.4729,33.7796,20.0
1.2414,-1.6721,1.7313,0.3708,20.8369,19.0
1.6681,-1.06,0.9561,0.3345,24.2007,24.0
1.4986,-1.1908,2.0861,0.4231,47.8637,25.0
1.4217,-1.0345,1.1213,0.2529,36.8619,17.0
1.5843,-1.2164,0.2703,0.099,48.8679,25.0
3.0319,-7.3125,18.7219,6.0195,17.8375,18.0
1.2464,-1.2643,2.0336,0.944,34.3282,22.0
5.6611,-5.9433,8.2843,15.8329,50.5377,19.0
7.0658,-4.6298,21.7049,18.6466,14.0964,16.0
0.9819,-1.2604,0.832,0.5639,46.7975,16.0
1.3121,-1.37,2.9717,0.3775,42.3617,16.0
2.2164,-0.9808,0.3712,0.5999,37.1081,15.0
1.9057,-2.3346,2.5515,0.9851,28.2508,16.0
2.3383,-2.0405,2.7137,1.0538,37.6714,19.0
3.3717,-3.3721,23.2883,13.4526,7.7967,20.0
4.0358,-7.279,21.9517,17.3135,83.9544,19.0
0.9809,-0.8307,1.2286,1.35,28.2692,17.0
1.8786,-2.3431,2.2618,0.5515,18.9074,18.0
1.1812,-0.962,2.8691,0.6252,45.9422,15.0
2.0671,-1.5989,0.7616,0.8519,30.0171,17.0
1.8213,-2.3286,1.894,1.2072,43.5243,16.0
1.26,-0.9322,0.5474,0.615,29.428,16.0
4.5413,-6.2004,12.586,6.9876,20.9283,22.0
1.5249,-2.2934,0.3599,0.8536,38.877,20.0
0.5247,-1.6724,2.3596,1.101,37.3815,18.0
0.8392,-1.7385,0.5026,0.4866,34.725,16.0
1.0519,-1.9005,2.3697,0.5736,52.7689,25.0
1.7333,-1.5843,0.4929,0.0598,30.8277,24.0
2.2244,-1.6196,1.3488,1.2441,41.0415,24.0
1.1413,-0.6054,0.6825,0.5056,53.583,20.0
1.8899,-1.518,1.77,0.4015,30.0422,21.0
2.3641,-2.1004,2.9921,0.3109,45.7047,15.0
1.4232,-1.0833,1.3715,0.4724,42.7134,21.0
0.7784,-1.8943,0.8328,0.2735,31.9251,21.0
2.4814,-1.5415,1.2623,0.7846,51.8157,21.0
2.0814,-1.7809,2.697,0.8285,40.5272,16.0
0.9965,-1.1706,0.5824,0.9384,37.5288,25.0
1.2992,-0.9946,2.9006,0.6742,15.4219,19.0
1.9937,-1.384,2.0942,0.3705,29.9648,22.0
1.6772,-1.4991,1.1004,0.0856,19.182,21.0
0.6717,-0.8374,2.2174,0.5551,28.7227,18.0
1.1966,-2.3048,2.1938,0.706,17.687,15.0
0.7302,-0.8016,1.9791,1.0319,21.5742,18.0
1.6038,-1.838,1.3365,0.72,46.9102,25.0
1.781,-1.6357,0.1847,0.9405,22.893,24.0
0.5089,-2.0704,0.9072,1.0705,46.8403,24.0
2.244,-2.1261,1.0454,0.7134,25.4941,22.0
1.7782,-1.3061,1.8728,0.9012,28.917,22.0
2.1275,-1.088,0.9626,0.941,18.3901,17.0
0.9771,-2.2661,1.1826,0.255,30.5385,24.0
1.2674,-2.1285,1.943,1.0555,40.8104,17.0
1.4793,-2.2194,1.0123,0.704,17.1445,20.0
1.4692,-2.1097,1.2134,0.8643,41.1228,21.0
1.3313,-0.8202,1.5172,0.1699,16.2344,18.0
1.0497,-1.4248,0.5878,0.7131,44.7007,22.0
0.7264,-2.2716,2.3478,1.2438,29.6745,15.0
1.3827,-2.0629,1.3329,1.1172,41.1469,18.0
2.4986,-1.6005,1.1109,1.2343,32.5628,16.0
0.9739,-0.8786,1.805,0.5584,43.4302,25.0
1.7323,-0.9303,2.4592,1.2179,37.803,23.0
1.5775,-1.8527,2.1418,0.4695,25.6937,23.0
1.8586,-2.3095,2.892,1.1893,51.7507,19.0
0.7538,-0.7678,0.8241,1.0815,48.1393,25.0
0.7843,-1.2352,1.9207,0.594,18.0207,16.0
1.9996,-1.1106,2.6442,0.7093,34.5218,24.0
6.8707,-4.3364,20.4258,11.8767,61.4522,20.0
2.0914,-1.7046,2.9076,1.246,34.7886,20.0
1.1755,-1.3441,1.7418,0.7537,28.7496,25.0
0.5919,-1.2476,2.5264,0.0736,52.1773,17.0
0.5014,-0.5839,0.6867,1.0485,20.2765,25.0
2.2488,-0.7468,0.3707,0.5726,18.2968,25.0
0.8311,-1.7073,0.986,1.0642,24.3658,25.0
0.6904,-2.0732,0.326,0.9108,35.7778,22.0
6.478,-3.9145,24.7986,11.3347,16.2349,16.0
0.6787,-0.8881,0.3993,0.583,26.9702,21.0
2.0063,-2.2337,2.9795,0.2571,36.2203,15.0
0.8282,-1.7976,0.7179,1.135,51.7958,24.0
2.2199,-2.3266,0.3913,1.141,38.583,21.0
1.3588,-0.9178,0.8186,0.9847,24.9267,24.0
1.7152,-0.9421,2.1024,1.2794,41.3362,19.0
1.7139,-2.1227,1.2361,0.9869,46.3521,18.0
0.7255,-1.5008,1.8224,0.816,54.1079,20.0
0.764,-0.7784,1.7483,0.5798,42.3177,22.0
2.0407,-2.4666,0.2958,0.4302,16.5931,15.0
1.296,-1.927,2.1666,1.1623,31.943,21.0
1.5731,-1.2679,0.9047,0.4994,35.4522,18.0
0.8108,-1.8465,1.8007,1.1567,40.9936,25.0
1.8974,-1.0401,2.5548,0.134,18.4485,21.0
1.7246,-2.3899,2.0316,1.0042,22.0258,15.0
1.903,-2.1723,2.8637,0.8084,46.3195,19.0
0.7539,-0.9378,0.8794,1.3353,45.8572,15.0
1.3586,-1.4523,0.8626,1.4638,40.1013,22.0
1.2202,-1.5008,1.744,0.5831,25.2046,16.0
1.8482,-2.2693,2.2483,0.0537,49.3476,15.0
1.4435,-1.734,0.5352,1.4002,49.2994,23.0
1.928,-1.1886,0.7511,0.41,51.6342,20.0
0.6558,-1.7544,1.5559,1.3578,22.1738,23.0
2.4082,-2.3621,1.4488,0.4593,48.7939,20.0
1.4135,-1.7622,0.9456,1.1875,44.583,18.0
1.6834,-1.5133,2.3406,0.3334,51.0177,18.0
2.3648,-2.4522,1.6705,0.9721,42.7384,15.0
0.5029,-1.1854,2.5621,1.1045,19.158,23.0
1.3396,-0.5776,2.9204,0.2564,26.193,15.0
2.2946,-1.4605,2.1325,0.5901,53.9822,16.0
1.5109,-1.2256,1.2436,0.9082,17.4913,25.0
0.9735,-1.978,1.0135,1.2112,43.029,20.0
1.0439,-2.3506,0.6879,1.1809,38.3883,17.0
1.3991,-1.8719,0.4501,0.5695,45.8135,22.0
1.03,-2.2602,0.5571,1.0448,48.0555,24.0
7.1796,-6.361,9.5506,8.7233,35.2381,23.0
4.4942,-3.8996,10.9558,19.2814,77.6411,23.0
0.9997,-1.5759,2.4313,0.2527,15.4783,18.0
2.1473,-1.7555,1.9279,0.9848,38.293,19.0
0.65,-0.5057,0.6735,0.9867,47.3719,16.0
2.1587,-1.8369,0.2238,0.7184,21.7196,24.0
1.9489,-1.5077,1.2099,0.6687,29.1577,17.0
1.392,-2.2027,1.8809,0.9446,40.8911,22.0
1.6014,-2.378,0.9114,0.249,22.9783,23.0
2.4882,-1.4127,0.1566,0.6046,43.5348,22.0
1.4694,-0.6746,1.5569,0.6132,22.1926,20.0
0.5586,-0.8786,0.9147,1.2225,33.8674,20.0
2.4992,-0.552,0.3904,1.0025,25.6611,15.0
2.3956,-1.3486,2.9497,0.6132,52.4082,17.0
1.685,-0.8876,2.1231,1.3753,16.1283,20.0
1.6272,-1.3738,0.6459,1.4826,50.2651,22.0
0.8511,-2.4241,0.2629,0.9224,15.7971,22.0
7.5895,-6.9927,10.2183,15.7541,83.0964,20.0
0.7954,-1.0906,0.5108,0.2108,36.0518,20.0
1.2472,-0.6162,1.2472,0.1965,27.0706,17.0
1.9647,-1.6263,1.9539,0.7564,27.6913,23.0
2.3577,-0.926,0.7474,0.904,22.0141,19.0
1.089,-2.1446,0.1052,1.0679,37.9134,24.0
6.0119,-3.3948,24.448,8.3134,53.0718,22.0
1.9907,-2.024,2.9489,0.2934,50.4128,16.0
1.84,-1.0414,1.0737,0.0665,23.3874,16.0
2.074,-1.0592,0.2396,0.6854,31.7861,17.0
1.4862,-1.7426,1.6835,0.1971,34.1796,24.0
1.8743,-2.1747,0.3138,1.2764,26.7963,20.0
0.7095,-1.8164,2.675,0.2833,18.0001,16.0
2.4706,-0.7135,2.1431,0.6754,41.1454,24.0
0.8142,-2.2975,0.6961,0.3255,42.8879,23.0
1.063,-2.0249,0.2439,0.8791,48.5942,17.0
0.5076,-2.3247,2.4893,0.9564,34.2131,16.0
3.8542,-6.5409,9.3929,17.6565,31.21,21.0
2.2898,-1.97,1.9614,0.6119,29.8408,21.0
1.3916,-1.9734,1.4487,0.3781,25.7425,15.0
1.8929,-2.3066,2.0376,1.2219,31.5595,24.0
0.622,-1.7258,1.6155,1.4502,42.4827,22.0
0.9713,-1.9023,1.2449,1.2882,16.3891,24.0
2.1009,-1.1449,1.8988,0.2244,45.2876,17.0
0.8343,-2.0762,0.6589,0.1119,18.1347,25.0
2.4945,-1.2455,2.5189,0.4239,51.4322,16.0
1.6127,-1.3959,2.5842,0.8035,51.6865,15.0
1.7461,-1.4549,1.3168,0.6509,20.928,24.0
2.4297,-2.2996,0.4063,1.1803,46.4298,23.0
2.2558,-1.9717,1.9989,0.8794,33.9219,17.0
0.7877,-1.2827,2.1116,0.1062,50.583,20.0
0.5986,-1.5496,0.8789,0.59,28.5146,19.0
2.1857,-0.7835,2.0861,1.4601,24.1183,19.0
1.3862,-0.8484,0.8813,0.6543,40.8222,18.0
2.3269,-1.6857,1.5049,0.7989,29.9564,15.0
0.8179,-1.8778,1.5697,0.2467,49.0518,24.0
3.9638,-3.8354,22.2286,8.7424,43.7981,20.0
1.048,-0.853,1.5649,0.9713,19.9549,15.0
1.4776,-1.6078,2.8855,0.7381,37.0533,20.0
2.289,-1.0021,2.0977,0.4634,30.4626,17.0
2.0597,-2.0714,0.7419,0.3764,23.2692,25.0
0.5401,-0.9394,2.326,0.0629,51.4606,25.0
2.1017,-2.0525,1.8642,1.4174,43.5096,25.0
2.291,-0.7968,1.4311,0.3664,27.0858,23.0
1.2943,-2.2954,1.5834,1.0104,48.7314,20.0
1.6875,-1.9346,2.0848,0.7485,28.4513,19.0
2.223,-1.9777,2.1622,1.3439,26.9516,17.0
0.9806,-2.3865,2.5862,1.2245,31.1639,20.0
1.9426,-1.1892,2.9927,0.4262,31.7426,21.0
1.666,-0.5105,2.4664,0.5476,43.5348,25.0
2.0698,-0.6869,2.0484,0.7856,48.8168,25.0
0.8623,-2.3048,0.471,0.425,47.3338,17.0
2.2992,-1.1911,0.7445,0.3738,49.8573,21.0
1.1626,-1.9789,0.9527,1.2843,33.8215,25.0
2.3886,-2.3576,2.6793,0.7757,49.6999,21.0
1.3262,-0.7583,0.5373,1.4889,28.7068,24.0
2.4733,-2.2136,2.6009,0.3115,18.2325,20.0
0.8536,-1.231,0.1137,0.4466,45.4477,17.0
0.8169,-0.9296,2.3613,0.2376,32.3485,21.0
2.4307,-1.7334,0.2094,0.3392,29.9241,15.0
2.0137,-1.4379,0.152,0.056,44.3441,18.0
1.1887,-2.2421,1.2123,0.9036,21.6808,15.0
1.0817,-1.0443,1.8295,0.5399,50.519,17.0
2.3028,-1.7815,0.6464,1.4247,51.7282,21.0
4.1216,-3.0756,11.5902,5.3287,47.8939,16.0
1.8011,-2.4253,2.642,0.4209,36.3893,15.0
0.5959,-2.2838,2.5247,0.1199,19.6316,22.0
1.5946,-1.5512,0.5441,1.058,40.2125,19.0
0.702,-1.4594,1.9061,1.0661,31.753,16.0
1.7354,-1.9346,2.3758,0.7717,39.3601,19.0
2.4462,-1.7842,1.2883,0.2825,36.9256,18.0
1.4613,-2.031,0.137,0.1791,19.4172,24.0
0.7983,-2.3198,1.5839,1.0992,19.0516,19.0
1.4135,-0.5454,0.866,0.1226,47.5271,15.0
1.2204,-1.1465,1.3354,0.2181,49.0498,15.0
3.692,-4.764,13.5872,18.4179,86.1826,19.0
0.6859,-0.8701,0.6303,0.6311,53.4924,19.0
1.8798,-1.5435,1.323,1.3349,21.6711,17.0
0.6173,-0.6151,0.5622,0.6532,38.63,24.0
0.8625,-1.7405,1.1399,0.0918,42.3786,17.0
1.4762,-0.7248,1.378,0.1418,41.1989,15.0
1.8559,-0.9649,1.7723,0.8693,54.1158,25.0
1.5382,-1.1235,1.8929,0.6776,44.0661,22.0
1.8526,-1.7302,2.5332,0.8596,54.5117,15.0
7.6719,-5.4722,15.9779,12.4375,19.0593,22.0
1.1618,-1.9437,1.5701,0.8482,30.1455,18.0
1.3884,-1.3539,0.3553,0.7728,27.6425,22.0
0.5355,-1.6931,0.2039,0.8462,48.0364,24.0
1.7751,-0.7198,1.7308,0.9992,33.2483,20.0
0.6086,-2.0542,1.4179,0.8622,39.7903,22.0
1.2266,-1.5949,0.3826,1.0054,15.0879,20.0
2.4289,-1.916,1.6138,1.068,16.8311,17.0
2.1437,-1.015,1.2867,0.4187,22.8369,16.0
1.2858,-1.5859,2.3661,1.0893,19.3106,21.0
6.1662,-4.6393,10.0947,18.3763,43.878,24.0
0.7693,-1.5023,1.6381,0.1204,52.4123,24.0
1.5167,-0.6577,0.6139,0.8889,44.2198,17.0
1.815,-1.2877,1.0333,1.328,31.7466,24.0
2.0247,-1.9528,2.8944,1.4572,33.1138,17.0
1.705,-0.7271,1.5857,1.2725,36.9122,20.0
2.371,-1.2348,0.6826,0.955,26.6232,20.0
0.7653,-1.0792,2.928,0.3078,36.6997,25.0
0.7308,-1.7955,1.4931,0.8774,41.6863,21.0
2.2877,-1.4322,2.6447,0.6625,15.5108,16.0
3.7266,-4.6487,11.3983,16.2528,18.6795,19.0
0.7929,-2.3759,2.3746,0.3458,36.6469,20.0
0.705,-0.7639,2.2445,1.304,44.6965,23.0
1.5218,-0.9063,2.1188,1.0548,16.8792,21.0
2.4134,-0.5484,1.0067,0.8506,15.5186,19.0
2.2377,-0.7791,1.3849,0.377,40.3515,25.0
1.6768,-1.0231,0.6698,1.1011,22.7399,22.0
1.8653,-2.126,0.604,0.7951,30.0879,21.0
1.0285,-2.1781,2.5534,0.0582,33.6533,17.0
7.6431,-5.0156,21.1522,14.3805,76.6669,19.0
1.6454,-1.7838,2.3737,0.5109,23.7985,17.0
2.0725,-2.1813,1.6749,0.635,28.9761,18.0
1.1621,-1.9129,2.8559,0.9465,33.9943,23.0
2.4623,-2.4824,2.0399,0.6962,51.1799,24.0
0.9877,-2.4202,2.6684,0.603,46.8483,16.0
1.5805,-1.9343,2.7429,1.2421,29.9983,23.0
0.5877,-0.7034,0.6583,0.7951,52.9285,17.0
2.0466,-1.4336,1.9181,0.3556,40.1806,18.0
1.3484,-2.2921,1.6595,1.069,54.049,21.0
2.3795,-1.0062,0.5459,0.7159,28.2686,16.0
0.856,-1.9962,0.3043,1.2413,51.4395,21.0
1.7604,-1.6339,0.149,1.0263,36.3934,25.0
0.6265,-1.0081,0.232,1.28,29.308,23.0
2.0738,-1.8973,0.3509,1.1596,32.507,21.0
0.5616,-2.1874,0.7376,1.1328,46.8708,23.0
1.7681,-1.9039,2.6722,1.4498,49.6856,25.0
2.3989,-1.393,1.7097,0.2287,15.2012,24.0
1.5951,-2.3297,0.7092,1.1251,44.0375,18.0
1.7919,-1.4749,0.5668,0.3701,48.3899,18.0
1.842,-1.3654,0.2577,1.139,54.6031,23.0
1.5993,-1.9187,0.2954,0.1924,44.0236,22.0
1.2143,-1.1574,0.7801,0.4634,17.7924,18.0
1.4013,-1.2673,0.9865,0.897,37.6221,20.0
2.4173,-2.1627,1.0083,1.1892,43.488,25.0
2.1802,-2.2314,2.2256,1.3229,33.5139,20.0
1.4739,-2.2823,1.9721,0.1689,26.2246,17.0
0.8929,-1.0329,1.9172,1.1048,50.6842,23.0
2.1253,-1.3422,2.3307,0.3585,16.4663,19.0
2.4975,-1.5558,2.3481,0.5804,23.9323,24.0
1.082,-1.5706,1.5802,0.6253,35.0867,25.0
2.428,-0.5363,2.0841,1.1479,20.6148,17.0
2.3974,-1.1812,2.9064,1.1171,34.3401,20.0
6.8074,-6.8413,12.4941,8.5103,61.8298,23.0
1.2225,-1.5607,1.4185,0.1173,54.2236,20.0
2.4369,-1.2329,0.8931,1.1258,38.1453,24.0
1.8074,-1.7694,1.9947,1.2614,35.6665,21.0
0.9458,-1.6883,2.47,0.5503,46.7063,24.0
7.4102,-5.8005,11.9098,12.7181,28.8688,17.0
1.2244,-1.0654,0.4432,0.384,47.4469,16.0
1.4576,-2.0786,0.5676,1.2584,15.8978,15.0
1.6847,-2.2306,1.5867,1.3417,20.8746,17.0
0.8601,-0.5835,1.8381,0.8672,15.7448,25.0
2.3945,-2.0668,1.8589,0.7335,34.2667,18.0
1.7017,-0.9108,2.4793,0.3137,41.386,19.0
1.8712,-0.6553,1.8299,0.1498,30.1285,17.0
0.9047,-0.7808,1.5626,0.6587,20.9824,16.0
2.3032,-1.3004,2.6455,0.8206,45.0953,16.0
0.7607,-1.2931,2.4998,1.3506,45.9948,25.0
1.3414,-0.7504,2.1232,0.672,52.5369,22.0
1.2625,-1.3219,2.25,1.1542,42.8683,16.0
1.009,-0.9683,2.7392,0.1715,38.9317,23.0
0.878,-1.0817,2.3893,0.8881,19.7131,15.0
0.9108,-0.8914,1.2857,0.2045,32.0429,24.0
2.21,-1.6529,1.1604,0.4496,42.2242,18.0
2.0676,-1.5351,1.1736,0.8546,25.1511,19.0
2.0484,-1.7037,0.5004,1.3026,19.7634,18.0
1.8986,-2.1764,0.7219,0.6308,28.5375,23.0
1.8691,-2.3959,1.2284,0.972,47.1748,17.0
1.7005,-2.3237,0.863,0.5877,39.3612,21.0
1.3013,-1.1876,0.9308,1.4471,17.2985,17.0
1.3779,-2.0966,2.005,1.2157,26.4403,15.0
1.5211,-1.1031,1.8841,1.0273,29.3896,25.0
3.7872,-3.0159,21.2544,10.2969,38.5872,24.0
0.5307,-1.0928,2.7656,0.8469,44.0455,23.0
1.1962,-0.5734,0.9019,0.9292,22.781,21.0
1.0222,-1.6857,0.4087,0.155,26.7701,16.0
2.4134,-0.7478,2.4581,0.8836,42.7677,21.0
2.0399,-0.9851,2.8876,0.7153,33.4288,24.0
1.4639,-1.9844,1.2098,1.1936,23.8153,18.0
1.3249,-1.7938,1.6534,1.0662,25.534,19.0
1.8474,-0.8579,0.3205,1.4005,34.0622,20.0
1.6474,-2.1344,2.2639,1.3989,22.6067,18.0
0.9841,-1.9692,0.7647,1.2607,48.4534,20.0
0.7134,-0.6596,2.0599,1.012,39.5531,23.0
2.196,-1.7576,1.0147,1.3523,50.2395,24.0
1.4816,-0.5312,2.7564,0.4564,23.8837,24.0
1.5515,-1.6536,2.825,0.0972,28.8916,25.0
1.4144,-2.2593,1.6028,0.5077,15.3367,25.0
1.662,-1.8491,1.8771,0.4266,36.9425,18.0
2.4171,-1.8138,0.6333,0.6647,31.7637,20.0
1.3012,-1.5985,1.7571,1.4699,42.4405,16.0
2.1082,-1.3893,2.5833,0.3343,47.0015,17.0
0.5195,-1.657,0.49,1.3452,40.2261,23.0
2.0707,-1.8999,1.7302,0.8734,30.9361,17.0
2.1276,-1.5469,1.9266,0.7023,28.3863,20.0
1.615,-0.88,1.098,0.6471,29.0436,25.0
0.8979,-1.3482,1.9825,0.3031,46.2124,20.0
1.5209,-0.9505,1.3961,0.1637,39.5466,22.0
0.7897,-2.1648,2.4424,0.5392,40.2509,24.0
2.3141,-2.3418,1.0965,0.5045,41.1205,19.0
1.2909,-0.7246,2.3648,1.4112,44.9158,23.0
1.328,-2.1322,0.167,1.1053,41.4809,16.0
1.2941,-2.3089,2.8167,0.7361,17.153,21.0
2.492,-2.2921,1.8925,0.1723,52.2636,21.0
0.9948,-1.9316,1.9168,0.2404,48.5407,15.0
4.7842,-3.4236,22.6921,12.0079,79.0264,19.0
0.7702,-0.603,1.6639,0.9067,33.2617,25.0
1.37,-1.2204,1.648,1.3679,34.2661,18.0
1.3837,-1.7684,0.8534,0.4902,15.0037,17.0
1.4384,-2.4834,2.7741,1.4231,34.0827,15.0
2.0959,-1.306,2.4106,0.8449,22.5428,23.0
0.9998,-1.0701,1.9734,1.2512,23.8237,16.0
0.9791,-0.9709,2.7389,1.221,42.3856,19.0
1.5639,-1.9624,0.6452,0.1493,20.465,16.0
1.7355,-1.9557,1.906,0.3223,15.7758,15.0
0.5443,-0.5553,0.9181,0.2313,32.5367,15.0
0.8014,-1.5128,1.0915,0.5018,46.9785,20.0
2.0828,-1.8395,2.5463,1.4299,17.2415,21.0
1.4403,-2.1156,2.5405,1.235,48.1301,16.0
1.9294,-1.7304,2.9274,0.4084,54.7814,18.0
2.042,-1.4577,2.9481,0.7356,42.2577,19.0
0.8172,-1.0435,2.2597,0.8469,19.8857,22.0
0.8974,-0.725,2.6046,0.3658,19.5171,25.0
0.5301,-0.9112,1.7956,0.6239,24.7236,15.0
1.8815,-1.1232,0.5495,1.1677,24.9489,22.0
1.7373,-0.6383,2.9912,0.9564,17.391,25.0
1.5727,-2.2852,1.5147,0.5093,37.334,25.0
2.1111,-1.6226,0.6596,1.0494,29.3267,17.0
0.579,-1.0867,1.7212,0.837,34.6037,24.0
1.1953,-1.0352,0.8984,1.2555,51.579,23.0
1.5623,-1.6012,2.4763,0.8353,33.1632,25.0
1.9673,-0.7341,1.8972,0.5779,39.8079,20.0
1.8166,-1.4221,1.2237,0.8099,34.902,23.0
1.0663,-1.6804,1.0339,0.1896,41.3556,15.0
0.7595,-0.753,0.686,0.7538,18.9501,24.0
1.2772,-1.5202,1.9095,0.9059,16.9634,18.0
0.6417,-0.6396,0.7053,0.7625,50.5907,16.0
1.7778,-1.7781,2.2561,1.3411,47.8811,15.0
1.0316,-2.4187,0.3041,0.4907,52.7841,23.0
1.9503,-1.4367,0.6494,0.813,24.9505,25.0
1.6168,-1.3837,2.2637,1.1611,38.0625,25.0
1.8305,-0.7344,0.5837,0.3116,31.0623,20.0
1.5678,-1.3002,2.8072,1.3586,37.0033,20.0
1.3247,-1.2335,2.4958,0.519,24.6289,23.0
2.0314,-0.6477,0.8369,1.4444,32.9,21.0
3.1733,-6.5776,8.2771,7.0263,80.6776,15.0
0.9438,-0.7886,0.1629,1.2418,42.5888,19.0
1.5225,-1.3587,1.7577,0.1867,33.4148,17.0
1.2342,-1.3357,0.7757,1.2261,18.6762,21.0
0.9349,-2.3456,1.0416,0.7497,34.5311,24.0
0.6907,-1.2155,0.2084,1.2221,30.2618,15.0
1.1688,-0.7404,1.3595,1.3989,19.8216,18.0
2.199,-0.6427,1.9383,0.9667,17.1651,23.0
5.6996,-7.2521,16.5408,8.312,9.2942,21.0
2.0057,-1.3495,0.3612,0.6763,46.4547,17.0
0.6651,-1.3571,0.243,0.6288,18.4032,23.0
1.8957,-0.9759,1.4947,0.3373,30.8128,24.0
1.732,-1.0287,0.8141,0.1539,46.0709,20.0
1.652,-2.2749,1.2994,0.5796,22.6196,20.0
0.5484,-1.8904,2.9642,0.9435,54.6064,22.0
1.3809,-0.6516,0.7771,1.0438,21.2396,16.0
0.6091,-0.6021,2.7875,1.3097,47.8054,15.0
2.1086,-1.8898,1.4665,0.5312,44.6005,18.0
1.5465,-1.9827,1.5008,1.1084,20.6539,25.0
5.915,-4.6824,8.7392,7.5548,29.1412,24.0
1.4299,-0.6096,0.2931,1.0075,41.5193,25.0
0.7158,-1.915,2.6619,0.6105,54.1917,23.0
0.6992,-1.8691,2.6136,0.8208,22.4567,23.0
1.6214,-1.0751,0.2153,1.3873,27.1971,22.0
0.814,-1.8064,1.1205,0.9566,24.4482,23.0
0.624,-1.9846,1.2228,1.4999,54.6145,23.0
0.9512,-1.8164,1.2393,0.249,44.1956,23.0
1.7249,-1.249,0.7595,0.3985,21.11,19.0
1.1586,-1.4155,0.6996,0.2509,36.6542,18.0
1.118,-1.0897,1.619,0.2461,54.8274,17.0
1.6297,-2.1839,0.2967,0.8228,43.7776,17.0
2.2593,-1.0458,2.3198,1.3262,31.5616,21.0
1.9912,-0.8566,1.9469,1.1206,21.0783,18.0
0.8695,-0.9751,1.8747,0.437,37.6817,18.0
0.9618,-2.4478,0.3305,1.1807,20.3635,24.0
1.7991,-2.132,1.2236,0.7371,21.5515,18.0
6.8227,-7.9249,12.5876,11.1957,68.1012,18.0
0.6323,-0.6458,2.9583,1.3073,34.5977,20.0
2.2752,-1.6449,2.351,0.9315,47.9731,20.0
2.3783,-1.3561,1.6549,0.98,43.1645,15.0
1.4032,-0.846,0.223,1.494,35.7481,21.0
0.5785,-1.7252,2.319,1.4458,22.594,22.0
1.1091,-0.8448,1.4379,0.6626,39.5254,15.0
2.3074,-1.5728,1.9737,0.1811,35.0263,17.0
2.3757,-1.1078,0.4924,0.6497,33.0354,17.0
2.2932,-0.7084,2.6594,0.1808,27.963,25.0
2.093,-1.0633,0.4583,0.2155,32.9759,20.0
1.9146,-1.0463,2.9281,0.9375,21.396,23.0
2.0365,-0.6755,1.7399,1.0063,21.0036,17.0
1.9241,-1.6608,0.9976,1.1645,32.8503,25.0
2.2971,-0.5791,0.1102,1.1598,15.4883,22.0
1.587,-2.4885,2.6598,0.3949,38.5545,22.0
1.3838,-1.2976,0.1191,1.3291,26.1245,25.0
2.1505,-2.4022,0.5299,0.9973,16.4688,15.0
2.176,-1.9031,2.7691,0.1211,31.6783,17.0
1.0688,-1.1782,2.1296,0.8798,37.4871,22.0
1.2204,-2.4283,2.3287,0.5181,50.9012,16.0
2.1866,-2.3701,1.4654,0.2269,49.3763,20.0
1.5493,-1.1083,1.875,0.2085,44.1891,25.0
0.6753,-1.0519,1.8539,1.1929,43.2722,21.0
1.133,-1.4492,2.9856,0.5631,20.1885,24.0
1.9584,-1.5045,2.4431,1.3313,24.3089,19.0
0.5032,-2.452,1.9138,0.221,48.9228,24.0
1.3281,-1.8324,1.7252,0.9744,15.4519,18.0
1.0088,-2.3643,0.9708,0.8475,45.6813,16.0
1.1827,-1.0512,1.8864,0.0922,22.0252,20.0
2.3446,-1.5418,1.4761,0.1016,20.4302,17.0
2.2841,-1.4261,1.0718,1.1868,31.5581,15.0
1.0987,-1.0501,1.015,0.827,23.3305,25.0
2.3324,-0.9084,0.292,0.2665,48.6296,20.0
1.753,-0.8152,1.7558,0.6149,38.8077,19.0
1.129,-2.4367,1.3002,0.7707,24.5057,22.0
1.1053,-1.4498,0.6075,0.5926,16.4958,18.0
1.3875,-2.4501,1.4997,0.7751,22.6085,22.0
1.5473,-0.9489,0.5156,1.3141,47.8855,23.0
0.7654,-1.0509,1.4322,1.0848,35.8938,15.0
0.5881,-0.8038,2.6284,0.5333,50.5674,16.0
1.818,-1.875,1.7749,0.5026,50.6854,20.0
1.0731,-1.4354,2.3411,1.0231,25.9062,17.0
0.5305,-1.2541,1.5908,0.3495,29.0127,20.0
2.3866,-0.892,1.7648,0.2983,27.4551,20.0
0.6015,-2.442,2.7195,0.1232,30.344,16.0
0.858,-1.3078,1.819,1.2625,42.9746,24.0
1.1647,-2.1037,2.2994,1.2235,18.1418,22.0
0.6858,-0.8953,2.1259,0.191,27.4157,25.0
1.4308,-2.0366,0.749,1.2986,39.6777,20.0
1.8992,-1.1696,2.3875,1.3295,33.1313,15.0
0.7258,-1.5427,2.5527,0.4593,28.9446,24.0
0.7059,-0.8649,2.4106,0.5225,40.9781,19.0
1.3016,-1.6731,1.9005,0.8445,53.9557,21.0
0.9165,-1.1119,1.3503,1.4713,37.6884,20.0
0.9723,-1.1748,0.3259,1.3998,37.9675,22.0
1.6922,-1.8492,0.3832,0.6956,27.3214,21.0
0.7175,-0.8719,2.3369,0.5994,34.7718,25.0
0.9352,-2.2222,1.7842,1.1447,47.3936,17.0
1.4059,-1.917,1.8852,0.6984,23.2265,20.0
2.0887,-1.1409,2.7637,1.4082,43.7116,20.0
1.6655,-1.277,1.5802,1.2791,49.1002,15.0
1.5978,-2.3937,2.1397,1.2401,29.3698,19.0
0.9705,-1.0956,1.2434,0.5113,30.3116,21.0
0.9224,-2.1532,0.5033,0.8554,48.7331,20.0
0.8085,-0.5051,2.0432,0.2447,17.8698,15.0
2.2698,-1.1841,2.9274,0.2469,20.4888,21.0
2.2872,-1.1092,2.7979,0.9537,33.1758,21.0
1.4001,-1.7894,0.6388,0.9266,38.1175,18.0
1.0385,-0.6469,1.7714,0.0985,16.5146,22.0
0.7263,-1.5369,2.1024,0.256,44.2517,19.0
0.6565,-0.7202,0.3565,0.7351,44.6674,25.0
1.7674,-0.9038,1.0062,0.1265,28.7418,15.0
1.5253,-1.5615,2.2281,0.6605,53.4233,19.0
0.5707,-0.6543,2.2733,1.1041,37.5483,15.0
1.6563,-1.3543,2.0033,0.473,44.4952,15.0
0.665,-1.4888,2.5692,0.4529,20.3016,19.0
1.0139,-1.0171,1.8511,1.3697,44.5587,25.0
2.1157,-1.9775,2.1322,0.7531,46.9749,15.0
0.6688,-2.2099,2.8084,0.2735,34.8379,21.0
0.9759,-1.6196,1.949,0.3557,44.3744,20.0
1.0288,-0.8609,0.2523,0.7228,34.0493,22.0
2.0049,-1.435,1.2014,1.0731,33.9836,17.0
1.3695,-1.9224,2.4122,0.6039,27.6275,23.0
0.582,-0.6646,1.9485,1.4365,32.2714,25.0
1.1699,-1.9658,0.385,0.9988,30.6462,25.0
1.9686,-1.3226,0.6653,0.5392,42.6111,17.0
0.5212,-2.483,0.2971,0.6463,36.0106,25.0
0.9388,-1.9334,0.6599,0.0844,18.6777,24.0
2.1709,-0.599,1.9504,1.0767,19.7991,24.0
1.8128,-0.7002,1.7416,1.4524,50.8401,17.0
1.4339,-0.6276,1.9525,1.3879,26.0553,21.0
1.8352,-0.9598,0.8463,1.1821,26.0915,15.0
1.1653,-2.3799,2.8713,0.4338,32.623,22.0
0.9013,-1.7147,1.9719,0.2072,36.6253,21.0
1.7867,-0.6748,2.1747,0.1998,17.9168,24.0
2.0545,-2.4625,1.5433,0.9967,15.0347,15.0
1.0329,-1.0999,2.7234,0.8832,35.6153,22.0
1.3078,-1.0445,2.4556,0.1516,24.0339,21.0
2.136,-1.5359,1.745,1.4058,29.3567,25.0
0.6104,-0.506,1.9765,0.5798,49.1337,20.0
1.4193,-0.967,1.9786,0.3061,16.5732,21.0
1.0977,-1.7198,0.4096,1.0488,34.4601,25.0
0.8789,-2.4286,0.1736,1.4948,24.5394,21.0
1.5811,-1.8845,1.6484,1.2597,32.9723,15.0
3.2803,-4.0611,8.7278,6.7728,73.6038,25.0
2.3802,-0.7596,1.656,1.1245,24.3194,16.0
3.708,-4.7308,16.0107,18.7703,8.8931,25.0
0.8445,-2.4001,0.9913,1.2009,33.2474,17.0
0.6279,-0.8651,0.4311,0.9127,39.6251,16.0
1.3524,-0.877,2.9484,1.0337,27.9694,25.0
0.7747,-0.8271,2.4,1.1581,38.7234,20.0
1.0478,-0.9849,0.5873,0.5864,21.6002,18.0
0.5814,-2.3001,2.5574,0.938,46.1065,15.0
0.6614,-2.4856,2.7858,1.0748,38.7492,19.0
2.1148,-0.9549,2.1078,0.3489,40.593,23.0
0.9785,-2.1509,2.1059,0.9146,43.688,24.0
1.7544,-0.9348,1.1088,0.0566,24.4256,16.0
2.4536,-1.2622,2.6019,1.4808,35.3016,22.0
1.8187,-1.9471,0.6618,1.2051,42.4098,22.0
0.8195,-0.6547,0.2567,0.5781,23.3836,19.0
2.1103,-0.9832,0.2256,1.1236,51.9945,17.0
0.5581,-1.4702,0.3055,0.3912,32.7928,24.0
0.8975,-1.1463,1.0445,1.1795,28.0453,16.0
1.3252,-2.1001,2.685,0.1566,38.4037,15.0
0.7899,-0.6442,1.4195,0.6116,20.4562,18.0
2.4511,-2.0956,0.4689,1.0537,17.3861,17.0
1.4311,-1.6636,2.305,0.3688,26.8065,17.0
1.776,-1.2769,0.5928,1.4567,49.2002,16.0
1.5435,-0.7756,0.7277,0.7366,33.5105,15.0
1.9724,-2.0067,1.0492,0.8902,50.6729,24.0
2.3275,-0.7035,1.3115,0.1141,54.6509,23.0
5.6556,-5.6037,21.5663,17.3194,43.4575,18.0
2.0062,-1.1137,1.2792,0.3661,29.3362,18.0
0.6815,-1.5404,0.984,1.0698,49.3169,24.0
5.2742,-4.1408,22.8614,11.0804,72.138,20.0
1.9078,-2.4973,1.9192,0.6081,42.63,23.0
5.1295,-6.6511,24.0836,13.1365,72.5307,25.0
2.2617,-1.0285,0.259,1.4207,41.9861,15.0
1.2312,-1.2617,1.1602,0.3041,37.3516,16.0
2.0472,-2.2232,1.0713,0.8325,40.9615,24.0
1.9057,-0.9937,2.3066,0.5147,50.9173,23.0
1.0543,-2.3733,1.1012,0.755,36.0673,16.0
1.5638,-0.8492,2.7084,0.7054,29.7258,25.0
2.1176,-0.6182,0.2903,1.3433,33.315,16.0
0.8576,-0.5835,0.3231,0.2889,19.481,17.0
2.25,-1.4586,1.9191,0.4751,53.783,23.0
1.4478,-1.6597,2.2394,0.0811,22.5624,15.0
0.9647,-0.6051,1.9695,0.647,28.7117,25.0
1.4723,-1.1683,1.6375,0.8453,33.3203,24.0
2.0787,-2.1565,0.854,0.7522,53.829,15.0
1.0688,-0.5876,1.894,0.2831,36.4127,17.0
2.1787,-1.1143,2.0324,0.2726,24.5162,15.0
1.6491,-1.6182,1.172,0.3475,43.2854,25.0
1.1877,-1.7542,1.6656,0.2858,27.0624,15.0
1.4988,-2.2092,1.4283,0.5143,15.1718,23.0
1.1626,-1.0891,1.4743,0.4702,52.7604,24.0
2.0992,-1.0429,2.7746,0.5411,19.4926,22.0
0.7788,-1.3981,0.9934,0.6324,48.6351,22.0
1.1527,-1.2837,0.6659,0.8133,46.2513,19.0
0.6672,-0.8011,2.0635,1.4386,54.0336,21.0
1.1355,-1.2898,2.8359,1.3672,29.4426,17.0
1.3553,-1.7278,0.1354,0.5501,27.3234,22.0
0.6752,-1.0443,1.3882,1.4893,47.1474,19.0
1.956,-0.7046,2.213,0.6506,48.4205,24.0
0.9156,-1.5508,2.6158,1.4806,17.6446,24.0
0.6769,-1.6811,2.7518,0.651,37.2326,24.0
0.7739,-2.128,1.2071,0.8531,16.6893,19.0
1.1078,-1.3814,1.444,0.0889,15.0979,19.0
1.7811,-1.2269,0.4601,1.0156,26.5076,17.0
1.8757,-2.0105,0.4461,0.452,54.7733,16.0
1.2235,-1.539,1.3646,0.424,42.4365,16.0
1.9659,-2.4649,0.8527,0.8934,20.8455,22.0
0.771,-2.1734,0.8907,0.6583,51.4842,20.0
4.4583,-4.8053,9.3061,7.9072,58.3825,16.0
0.8343,-1.8548,1.017,1.2752,46.9951,19.0
1.8767,-2.3083,1.7821,1.2438,15.5159,23.0
2.0576,-1.676,2.7706,0.2864,23.715,23.0
0.8768,-0.7059,1.8789,1.2556,36.0261,23.0
1.9045,-0.8948,1.3103,1.3782,19.6626,17.0
1.459,-1.8769,1.1514,1.2347,50.5891,24.0
2.4402,-2.1556,0.9836,1.1295,19.7439,17.0
0.7847,-2.0469,0.4635,0.2388,18.1442,16.0
2.0494,-0.9853,0.2233,0.2063,46.7222,23.0
1.4382,-0.6829,0.2255,0.4874,15.4109,16.0
2.3402,-2.0892,2.7134,0.3179,29.0613,16.0
1.9924,-1.9452,1.7813,0.5607,49.2055,24.0
1.6405,-2.3018,1.7766,0.0703,23.6799,18.0
0.8435,-0.992,0.1126,1.1018,51.9693,23.0
1.4494,-1.1037,0.6369,1.0266,19.293,20.0
1.3482,-1.4715,1.282,1.154,27.5712,22.0
0.7718,-0.9755,2.1437,0.8578,16.6243,20.0
1.2696,-1.5861,2.2349,1.0462,48.6436,18.0
1.0812,-0.7893,0.6475,0.1509,48.6423,22.0
1.2349,-2.4744,2.0551,1.0245,30.8548,23.0
0.67,-2.2133,1.2618,0.9063,19.0689,17.0
2.4504,-1.8227,1.8254,1.4865,19.9105,21.0
1.057,-1.073,1.7876,0.4458,46.5797,25.0
1.2122,-1.1666,2.8554,1.4819,35.4566,17.0
0.7161,-1.9986,1.5421,0.9611,20.3843,16.0
2.1606,-1.5037,0.1776,0.3097,39.1834,20.0
1.7439,-2.3073,0.3219,1.1398,45.7029,22.0
1.8242,-1.5195,0.8588,0.5482,49.3869,23.0
6.8198,-3.0464,22.9621,6.787,43.2598,21.0
0.572,-2.1463,2.0123,1.1801,50.388,17.0
0.769,-1.0686,1.5136,0.2086,42.001,25.0
1.5788,-1.5604,1.7305,0.2767,17.2295,19.0
2.4417,-1.2661,1.123,1.4678,27.8193,15.0
0.7564,-1.7672,2.4477,0.8968,45.6078,25.0
0.6947,-1.8097,1.1364,0.5593,41.4496,18.0
1.1242,-2.3301,2.0952,1.31,19.5789,17.0
4.6306,-5.6955,22.6773,13.5207,81.6198,19.0
5.3485,-7.8888,13.3807,13.5553,32.4058,16.0
0.7001,-1.1498,1.0743,0.779,45.5962,20.0
1.099,-0.5611,0.6851,0.9714,53.9643,16.0
1.5717,-1.9253,0.2378,1.4945,31.0811,18.0
2.4159,-1.0646,1.7768,0.9082,25.9346,24.0
1.4505,-2.0805,2.4074,0.9947,27.0739,19.0
1.5799,-2.0998,1.2667,0.9562,33.1291,23.0
0.5372,-1.0933,2.6019,0.8864,23.5181,22.0
1.7759,-0.8821,2.573,1.3649,52.3854,25.0
0.9013,-1.575,0.7971,1.1323,45.6212,21.0
2.2204,-0.6777,1.9384,1.2767,25.6774,19.0
1.0129,-1.2975,1.277,0.2147,22.6766,18.0
1.1211,-1.5292,2.9748,0.6619,51.2262,18.0
0.7729,-1.9832,2.4303,1.0051,22.0394,15.0
1.4717,-2.4602,2.5928,0.1717,39.064,16.0
1.314,-1.7731,2.0065,0.1809,52.7265,17.0
1.6419,-1.4995,0.4499,1.0131,38.2168,23.0
2.2691,-2.0238,0.4546,1.2197,28.1714,24.0
2.1117,-1.0121,2.813,0.3661,19.2726,18.0
1.379,-1.9914,1.8095,0.761,29.9882,16.0
1.3476,-1.1345,2.8936,1.3252,52.4789,20.0
1.2355,-1.8837,1.9717,1.3626,16.3924,25.0
0.6093,-0.6651,2.0476,0.4168,30.3876,25.0
1.2257,-0.8755,0.454,1.3071,49.3059,21.0
7.8037,-3.3625,23.6048,9.5133,84.5874,18.0
2.2188,-2.1795,1.3727,0.5099,47.4899,25.0
0.5678,-0.7671,2.4873,1.4137,33.8437,21.0
1.1654,-1.6553,2.7638,0.1956,21.4137,19.0
1.2037,-1.2958,2.4589,1.1198,33.1305,15.0
1.7827,-2.1325,1.3859,0.9796,15.123,18.0
1.1274,-2.3355,0.5577,0.7987,53.7866,25.0
2.1939,-1.1285,2.3987,0.5131,34.1346,17.0
1.8749,-0.8465,2.4186,0.3381,31.5799,17.0
1.2546,-0.8306,1.7541,0.0801,15.9188,23.0
1.7533,-0.6863,2.925,0.3375,43.0504,17.0
6.09,-4.998,10.5373,19.3705,19.4604,24.0
1.9372,-1.6297,2.768,0.7079,41.9444,16.0
0.9063,-0.6079,2.4589,0.436,44.8577,21.0
2.2127,-1.2998,2.9861,0.4603,42.0875,21.0
2.0849,-2.4425,2.9308,0.3915,33.0391,18.0
1.8685,-1.5837,0.1299,0.2431,27.9298,21.0
1.9267,-1.0831,2.2347,0.4215,18.8112,15.0
2.3621,-1.5581,1.1275,0.9292,41.8317,24.0
2.1197,-2.4893,1.5632,0.6024,54.101,25.0
2.4361,-1.3809,1.7834,0.4274,35.1499,20.0
0.7638,-1.8654,1.6382,0.2556,19.6737,15.0
1.4984,-0.5533,0.9149,0.5729,32.2034,19.0
2.0231,-1.9725,1.0077,1.3444,27.6217,22.0
0.8025,-0.7939,2.0065,1.2074,17.1289,17.0
0.8663,-1.5595,0.5743,0.7273,19.641,22.0
4.7826,-4.4549,16.2484,12.3948,76.8963,17.0
0.6872,-0.7637,0.6239,0.294,35.3495,19.0
1.8263,-2.0752,2.9942,0.056,45.6739,17.0
0.6537,-0.9635,2.063,1.3367,16.0385,25.0
0.744,-1.7529,2.7945,0.2038,27.9415,15.0
2.1614,-1.1809,1.4168,1.435,38.7682,15.0
0.5877,-1.2553,1.414,1.4238,54.9928,24.0
2.2266,-0.8969,0.9206,1.2073,44.752,23.0
1.2628,-1.7023,0.6162,1.4493,49.6206,16.0
4.0411,-6.0575,14.8407,14.7075,86.1268,17.0
1.4817,-1.6353,2.4384,0.4996,42.3985,17.0
0.6922,-1.7651,0.6796,0.6959,30.5236,19.0
1.3461,-0.987,2.4519,0.9401,32.3642,21.0
1.5267,-0.5535,2.0617,0.989,43.5454,22.0
1.7945,-2.3321,1.4578,0.1648,47.0618,19.0
0.7556,-0.6942,2.5405,0.8085,26.8193,15.0
2.3346,-1.4732,1.5809,0.6489,33.5863,24.0
1.2109,-1.3289,2.3291,0.0736,44.6206,22.0
0.8644,-1.7141,0.3415,1.3213,26.9059,24.0
2.0147,-1.6001,2.4427,0.5449,51.7245,17.0
0.6564,-0.5356,0.852,1.0264,32.352,15.0
3.5834,-7.1413,16.111,15.3771,78.8463,24.0
1.1056,-0.8737,1.8886,1.0515,53.5257,25.0
1.1053,-2.2498,0.1402,0.2123,15.6354,18.0
0.9185,-1.2028,1.9842,0.6819,40.0424,23.0
1.1018,-1.5731,1.4746,0.0816,21.6442,17.0
1.3905,-1.5299,0.1569,0.7018,24.7052,19.0
2.1677,-2.3982,0.1228,0.9641,43.5237,21.0
1.9742,-1.3083,1.7075,0.4716,34.4999,22.0
1.9492,-0.6294,2.7247,1.3081,24.2762,15.0
1.344,-1.8683,0.2842,1.3447,31.6855,22.0
1.7454,-1.2076,1.4001,0.6825,21.4533,18.0
1.3762,-1.4847,1.8042,1.0432,51.8694,25.0
2.2663,-1.054,1.2321,0.6544,52.6479,25.0
2.0919,-0.9005,2.5491,0.9517,26.2983,16.0
0.7582,-2.101,1.8567,0.1963,31.6394,22.0
0.9189,-2.4059,0.1526,1.3273,29.2818,17.0
2.2189,-1.493,2.4398,0.5397,19.5588,18.0
0.9482,-1.9844,1.0869,0.5651,16.8671,23.0
0.8024,-1.1197,1.5946,1.0208,43.2562,22.0
2.4253,-0.9885,2.9265,1.1834,39.3862,16.0
0.5839,-2.2892,1.9268,1.3128,51.4394,17.0
1.9163,-0.9761,1.5453,1.3122,21.1718,20.0
0.7755,-0.8028,1.3734,0.6528,45.7613,18.0
1.4473,-1.9265,0.5967,0.4357,43.608,21.0
1.83,-2.1968,2.2852,0.6615,24.1273,21.0
1.3186,-1.5825,2.5719,1.2022,29.471,15.0
2.0403,-1.0647,1.6003,0.1509,28.5321,21.0
0.8286,-2.3771,2.3017,1.0073,40.6586,24.0
1.7632,-1.0733,2.015,0.8037,26.829,21.0
1.9016,-0.7529,2.1925,0.5049,28.7663,19.0
1.7208,-2.2063,1.2714,0.9836,50.5032,24.0
1.8041,-1.1051,2.6743,1.1833,31.1802,18.0
0.6686,-1.4251,1.231,1.0924,50.195,23.0
1.0679,-2.3144,1.7002,0.8059,45.2819,17.0
7.4516,-5.3003,12.3977,17.4834,30.8351,21.0
0.7209,-2.3801,1.1816,0.9591,29.1789,15.0
2.3827,-1.6025,1.7601,0.0576,28.5592,18.0
2.478,-1.3688,2.6936,0.9602,36.3315,24.0
1.0984,-1.1662,2.4637,0.8805,20.5989,21.0
0.9953,-1.8443,1.7889,1.2431,29.4507,16.0
1.3514,-1.6759,0.3675,0.6661,20.2025,18.0
1.2386,-1.4475,1.8059,0.8025,30.7913,19.0
1.7729,-0.507,2.0982,1.4243,44.2687,21.0
0.7887,-2.2458,2.1623,0.2376,43.181,23.0
0.9253,-1.5533,2.2648,1.4189,29.7733,16.0
1.3172,-2.2583,1.7581,0.1084,21.1322,20.0
1.2489,-1.912,0.1811,0.2572,46.3517,21.0
7.4713,-3.5547,11.6649,17.2869,46.5475,16.0
0.6351,-2.4106,1.4954,0.4991,33.095,20.0
1.4505,-1.0599,1.8566,1.1548,35.1906,22.0
1.8344,-2.202,2.2108,0.1795,39.9908,24.0
0.9656,-1.7092,1.6689,1.4392,50.6017,19.0
2.2319,-1.0856,1.7588,1.2044,43.296,23.0
1.7878,-2.3297,2.87,0.8357,45.3046,24.0
2.0011,-1.4947,0.1541,1.0045,36.2744,15.0
0.9116,-0.8406,2.5329,0.8904,18.3859,23.0
1.3036,-2.41,2.5997,0.0837,32.4807,21.0
5.6395,-6.0899,9.5474,19.6968,51.0512,19.0
1.0111,-2.3207,0.9897,0.6406,21.7676,24.0
0.8629,-1.0734,0.9643,0.1932,20.6984,20.0
2.3832,-0.701,0.2504,0.3975,38.8802,18.0
2.0048,-1.7299,0.4337,0.1379,33.5929,21.0
0.5578,-1.2329,2.7498,0.077,37.163,24.0
0.9926,-1.3906,2.3771,0.4917,31.2698,16.0
1.5009,-0.9342,0.5129,0.8336,21.7275,18.0
1.3475,-0.677,1.4101,0.0515,33.5861,24.0
2.4442,-2.4989,2.8072,0.7492,38.9147,25.0
1.2028,-1.2356,1.797,0.79,16.8194,23.0
1.1013,-1.7094,0.4566,0.2525,37.2592,19.0
0.9217,-1.4904,2.426,1.3317,52.8163,25.0
2.0054,-1.5946,0.8132,1.4754,28.6652,22.0
1.1569,-0.672,0.4878,1.3873,39.3515,15.0
1.8454,-1.6737,2.6963,1.0698,45.4986,23.0
2.2534,-1.1975,1.6621,1.3442,47.6423,22.0
1.206,-0.8744,2.4997,0.5691,22.0875,15.0
1.241,-2.114,0.1272,1.1276,45.3368,25.0
1.2156,-2.3201,1.879,0.4896,43.7124,18.0
2.4346,-2.4264,1.5292,1.0709,39.2411,15.0
2.1422,-1.7078,2.6228,0.8752,34.7605,23.0
1.9776,-1.1556,1.8486,0.3045,38.5266,16.0
2.3671,-0.789,2.6549,1.1069,25.9731,25.0
7.8491,-4.6113,18.4458,15.2102,80.0637,15.0
1.7819,-0.6139,0.2504,1.4112,32.3019,21.0
1.8603,-1.5668,1.1483,1.1506,50.3521,18.0
7.592,-5.3379,13.3761,10.8779,33.45,24.0
2.4805,-2.0487,2.0997,1.4388,51.6798,18.0
1.1216,-1.248,0.3805,0.746,47.3224,24.0
2.3701,-0.819,0.8167,0.7367,53.3521,15.0
1.5394,-2.0265,0.3114,0.9199,32.5412,16.0
1.6579,-2.3289,0.276,0.0983,27.5312,16.0
0.624,-0.8952,0.2589,0.9356,32.2736,16.0
1.6185,-1.9102,1.2062,0.189,45.0785,18.0
2.0749,-1.252,1.4149,0.7231,32.1242,24.0
1.1792,-0.6248,2.3705,0.7084,28.1277,18.0
0.5246,-1.0734,1.8194,1.2691,51.1748,17.0
1.0126,-1.658,2.2014,0.6947,24.7261,15.0
1.1233,-1.6283,2.8832,1.1438,27.4475,23.0
0.7948,-1.8827,1.0944,0.5848,15.3233,24.0
0.7892,-2.0252,2.4756,0.8612,17.1843,20.0
0.9007,-0.683,2.3773,0.5453,41.7144,22.0
1.1623,-1.3432,2.8929,0.9433,31.7478,17.0
2.2522,-0.6789,1.5382,1.3839,40.5507,18.0
0.9263,-1.5385,2.3282,1.2312,47.2909,21.0
0.8685,-0.5202,1.1522,0.1569,16.2007,16.0
1.3808,-1.2373,2.7469,0.5719,54.0124,18.0
0.8483,-0.7292,2.1846,0.5427,37.1802,17.0
0.8522,-1.9764,0.3935,1.2556,20.4897,25.0
0.7219,-0.6278,0.9847,0.3982,47.3795,25.0
1.5539,-0.902,1.9073,0.6789,43.4377,16.0
2.3483,-0.9102,0.6559,0.5984,29.9702,24.0
1.7723,-0.658,2.3129,0.9016,49.1774,19.0
1.1554,-2.3935,2.4073,1.3156,49.0601,24.0
0.9185,-2.3372,1.4649,1.0121,17.5949,23.0
2.2648,-0.9977,1.1854,0.8024,22.1599,20.0
1.4666,-0.5885,1.4739,0.8927,40.5242,24.0
0.9144,-0.7102,1.411,0.3899,23.7437,21.0
1.6427,-0.629,1.1849,0.8483,20.3732,16.0
1.5376,-2.0396,0.2193,0.7928,28.455,22.0
1.3179,-0.891,1.0194,0.6044,22.1826,18.0
0.6518,-0.697,0.9541,0.7776,36.8661,16.0
2.3532,-2.3032,0.3069,0.1055,23.0123,18.0
1.0,-1.0096,2.3286,1.2759,22.6257,24.0
2.4968,-0.9952,2.2455,1.373,15.3414,19.0
1.1933,-0.5063,2.8429,1.2417,45.3122,15.0
1.5253,-0.9777,0.5329,0.6264,24.0771,18.0
1.5317,-0.9281,2.2971,1.0976,33.456,16.0
0.8757,-0.9597,2.124,0.3539,32.9989,23.0
3.6948,-3.6312,13.1947,16.0671,47.483,25.0
1.1796,-1.6617,2.0887,0.6349,46.1457,23.0
1.6739,-1.3648,0.1934,0.2517,54.0897,20.0
2.0983,-0.6725,1.7642,0.6168,30.2527,21.0
1.2729,-1.5504,1.0536,1.4448,40.5601,19.0
0.7086,-1.3942,0.193,1.0491,34.5445,17.0
2.3227,-1.7282,0.6971,0.4721,35.9758,22.0
1.5371,-2.1563,2.5932,0.6457,21.2814,16.0
1.3368,-1.0137,1.2281,1.3602,23.2592,18.0
2.1358,-1.1704,0.5605,0.8839,27.4125,18.0
1.8697,-1.9491,0.1216,0.2569,17.5588,21.0
0.9937,-1.8422,1.7508,0.7619,33.5078,15.0
1.0758,-0.738,1.4233,1.0655,43.4659,19.0
2.1469,-0.8003,1.3037,0.3104,39.7095,21.0
2.3217,-2.1331,1.749,0.6206,52.8275,18.0
0.8159,-0.7349,1.6594,1.0167,17.6698,18.0
1.3226,-0.9763,0.4516,0.5847,45.2159,23.0
1.152,-1.5981,0.833,0.7838,33.4867,16.0
1.8512,-1.5762,1.0966,0.629,22.7761,15.0
3.5734,-3.4143,13.5609,16.2301,46.2045,16.0
1.814,-1.0728,1.3694,0.7326,26.1657,17.0
0.5361,-2.299,0.953,0.8252,30.634,16.0
0.5224,-1.9535,1.3779,0.308,43.5765,25.0
1.3841,-2.4045,1.9409,0.8082,41.5016,25.0
1.2812,-1.8834,0.252,0.0568,45.8964,18.0
1.2493,-2.0229,0.365,0.6614,54.5716,20.0
1.8599,-2.3737,2.8804,0.1901,48.4154,25.0
0.8341,-1.6686,0.4123,0.5244,37.4822,18.0
2.3687,-1.7099,1.3409,0.387,19.2354,20.0
1.3043,-1.8675,1.2286,0.7152,17.6407,19.0
1.238,-2.3653,0.7338,0.4872,38.9548,16.0
2.0825,-0.6556,1.7507,0.4153,18.7898,20.0
1.8926,-1.1442,2.9199,1.0559,28.2819,25.0
1.8753,-0.544,2.0325,0.1479,15.706,24.0
1.5221,-1.0164,1.5599,1.0717,15.5317,15.0
2.2936,-1.8823,2.2399,1.148,39.7906,15.0
1.4975,-2.096,1.1897,0.981,24.5226,24.0
1.3875,-0.7453,0.4894,0.5104,46.4788,15.0
2.4551,-1.2039,0.9365,0.0844,48.8774,20.0
0.9116,-2.3919,2.7613,1.4831,47.0581,18.0
1.263,-1.8567,1.3828,0.0588,49.7947,16.0
0.6042,-0.516,2.821,0.2321,21.947,23.0
2.3636,-2.0274,0.3267,1.1012,27.4585,18.0
0.8529,-2.0021,0.9275,0.7,40.4242,19.0
1.4623,-0.598,1.1428,0.5977,33.8285,21.0
1.9699,-0.9794,2.4769,1.2007,15.7924,21.0
0.6665,-0.6871,0.9707,0.8289,37.1141,17.0
1.4273,-1.5928,1.1879,0.9287,17.8776,17.0
0.8914,-0.6677,0.1121,1.2994,44.2147,20.0
2.3514,-0.6194,2.9144,0.5911,34.582,25.0
0.6425,-0.73,2.9782,0.2305,52.2852,17.0
1.3726,-1.9895,2.7479,1.0973,35.3843,22.0
1.2364,-2.3846,1.2175,0.6649,24.8717,22.0
7.0656,-4.8452,19.4992,15.4621,59.8534,19.0
2.3885,-2.2053,0.8175,0.8886,41.5042,17.0
6.8549,-4.778,23.587,10.965,54.8236,16.0
0.8776,-1.6541,2.5063,0.4167,27.0888,23.0
1.2656,-1.884,1.2937,1.3208,44.1061,16.0
1.6452,-0.9049,2.4613,0.4401,23.381,21.0
0.5128,-2.1632,1.526,0.1905,45.9497,21.0
1.809,-1.0339,0.5948,0.5932,43.1619,18.0
1.5052,-2.2795,1.7446,0.3582,23.0376,17.0
0.8838,-0.5341,2.6277,0.6891,51.5189,16.0
0.8323,-1.9137,1.1954,0.4513,28.6861,24.0
1.4704,-0.9789,0.1276,0.4358,53.2085,25.0
2.4752,-2.3063,1.6148,0.0605,39.1194,19.0
1.4465,-1.8259,1.3454,0.5876,50.6061,20.0
2.382,-1.1698,1.1975,0.133,29.2412,20.0
0.5062,-0.7589,1.2652,1.2614,52.0015,15.0
2.238,-1.9411,2.1279,1.2318,29.7372,24.0
2.2397,-1.4702,2.0147,0.0545,40.5229,20.0
4.801,-7.7712,21.7285,9.8829,42.766,24.0
1.9784,-0.9121,1.1102,1.4117,52.6591,22.0
2.2142,-0.6896,2.2294,0.4761,22.8031,17.0
2.2525,-0.9303,2.1783,0.096,34.917,16.0
1.8461,-1.4025,2.6369,0.2937,32.8515,16.0
1.5813,-2.0133,0.5943,1.4191,42.9964,16.0
1.9315,-2.1795,2.794,1.3588,45.6524,18.0
1.8319,-0.597,2.0447,1.0149,51.9094,25.0
0.6809,-1.1164,2.6286,1.4011,45.6535,24.0
1.1865,-0.6797,2.2546,1.1013,41.1568,23.0
1.3739,-2.0333,0.8514,0.4719,19.4553,20.0
2.3744,-1.0108,0.4367,0.5832,49.1332,21.0
0.5034,-2.3762,1.6532,1.2783,54.194,20.0
2.095,-0.6321,0.4663,1.0124,38.631,16.0
1.5766,-1.5788,0.5196,1.4172,48.4887,22.0
0.7949,-1.9332,2.2665,1.2812,48.1101,15.0
1.1178,-0.5193,0.458,1.4954,43.2609,22.0
0.9314,-1.917,2.9028,0.1353,47.4084,17.0
0.9212,-1.0347,2.4502,1.0656,17.1027,17.0
1.9548,-1.9018,2.4635,1.3729,21.3677,15.0
1.1748,-1.1442,2.9719,1.1487,30.6425,23.0
1.0647,-0.6539,2.1332,0.8446,18.8928,20.0
1.6608,-0.8899,2.5644,1.0789,33.3013,17.0
1.3838,-1.5351,2.7019,0.3542,47.1743,18.0
0.5183,-1.0481,1.7695,1.0336,54.5394,17.0
2.4654,-1.1411,0.5878,0.1317,29.2234,22.0
0.6049,-0.5394,1.9853,0.9104,53.7891,25.0
0.99,-2.2624,1.2503,0.4889,38.8462,17.0
1.2507,-1.1164,2.4064,1.0049,46.1092,25.0
1.7647,-1.6098,0.1336,0.2191,19.8821,25.0
1.5195,-2.4539,1.7616,0.8803,25.949,16.0
0.8622,-1.5316,1.9693,0.6788,37.8569,16.0
1.9275,-0.7756,1.6588,0.6377,43.0297,21.0
1.5728,-0.8756,1.5168,0.8024,38.3889,25.0
2.006,-0.5686,2.703,0.312,38.9641,17.0
5.2362,-6.4285,8.6654,13.6262,60.4744,16.0
2.2029,-2.43,2.9418,0.7839,29.5424,23.0
2.4542,-1.1837,0.8202,0.1169,52.8318,19.0
1.3898,-1.3459,2.1158,0.8079,54.4408,20.0
1.5212,-1.1241,2.0216,0.1149,16.4694,17.0
2.1653,-0.5852,1.8462,0.3633,29.3626,17.0
1.344,-1.4003,0.856,0.9922,21.5328,22.0
1.0084,-1.6493,2.1141,0.8271,17.8223,19.0
1.8936,-2.1147,1.1792,1.0031,47.8203,24.0
2.1431,-1.8673,2.3846,0.5995,53.5607,18.0
0.7492,-2.28,1.6903,0.1456,40.6071,20.0
2.0561,-2.2073,2.4145,0.4468,18.9179,18.0
0.71,-0.6487,0.6096,1.1061,27.262,22.0
1.1978,-1.3557,0.9178,0.443,18.9626,15.0
2.393,-1.7209,1.101,1.1249,53.72,23.0
2.264,-1.6947,1.8177,0.4256,42.4663,17.0
0.7853,-1.3649,0.8754,1.3817,40.5677,20.0
0.9982,-1.2826,2.1497,0.3155,54.4499,22.0
1.0516,-1.6445,2.8309,1.328,47.5609,19.0
0.6739,-1.8887,2.3347,1.2756,40.3871,16.0
2.3897,-2.1698,0.2665,1.1279,37.1664,22.0
0.5214,-0.6032,2.0634,1.402,20.4571,22.0
2.4959,-0.7238,2.1239,0.6379,39.6515,15.0
1.9052,-1.0007,0.8083,1.1215,53.0347,23.0
0.5847,-1.6027,0.5887,1.3988,45.5484,18.0
1.2341,-2.2334,1.1245,0.1238,34.8203,17.0
0.7265,-0.6719,0.8243,0.8317,45.6566,16.0
1.4662,-1.9705,0.1065,0.9652,30.7449,19.0
2.4183,-1.4689,2.6909,1.4064,50.6998,22.0
0.5118,-1.5793,0.9652,0.2054,28.9889,17.0
0.5177,-1.6384,0.6729,0.8172,50.9404,21.0
1.4748,-2.1887,2.0042,0.3778,30.8144,19.0
2.2844,-1.4271,0.8815,1.4846,41.2512,22.0
1.2075,-1.6321,1.1418,1.3122,22.9386,18.0
0.7674,-1.6579,1.0605,0.0958,41.6482,22.0
2.4659,-2.2624,1.5183,0.7686,42.2695,17.0
2.0288,-0.7365,1.5554,1.3892,48.7225,21.0
2.4154,-0.9146,0.4658,0.549,15.546,25.0
1.8566,-1.8157,2.9317,1.1193,32.3731,19.0
0.6652,-1.6421,1.8911,1.1074,22.4744,19.0
2.2283,-0.5115,0.8173,1.2399,22.9365,16.0
1.5047,-2.1376,2.9784,0.9072,40.3791,18.0
1.3026,-1.9523,0.6573,0.262,15.7065,18.0
0.6019,-1.6854,0.9887,0.9683,24.2571,20.0
0.6227,-1.6459,0.2498,0.2096,29.543,20.0
0.9939,-0.7098,0.6271,0.0508,41.4172,20.0
1.4441,-0.683,0.3922,0.318,52.9331,20.0
0.7231,-1.1621,2.0806,1.1672,20.2123,20.0
1.2228,-0.9424,1.6337,0.5888,41.0099,18.0
0.6745,-2.2873,1.9257,0.9227,16.6416,25.0
0.8859,-1.6085,0.386,1.4156,39.7604,19.0
2.4793,-2.096,2.1902,0.1135,22.6683,23.0
2.2832,-0.9813,2.5537,0.8625,28.8936,20.0
1.9347,-0.6783,0.2964,0.6576,52.2533,23.0
0.8339,-1.9517,2.9057,0.47,53.2321,15.0
1.8876,-1.0186,1.2527,1.0428,49.8102,16.0
2.0015,-1.7317,2.3602,0.6312,25.8598,17.0
5.8595,-5.0394,8.1506,18.9294,48.5876,23.0
1.5501,-1.8932,0.739,1.077,37.086,17.0
1.5671,-1.9163,1.9549,1.416,26.1103,17.0
2.0812,-1.2152,0.8221,1.2439,36.3838,15.0
1.7654,-0.5556,1.0412,1.4223,50.3595,19.0
1.3167,-1.277,1.0414,0.133,47.6369,20.0
2.4305,-2.1465,2.9177,0.8292,54.1505,24.0
1.9915,-1.736,1.9961,1.3115,40.3722,23.0
1.3844,-1.8515,0.6914,0.9632,49.3289,21.0
0.9634,-1.0474,1.1691,1.3581,18.7476,17.0
2.1312,-2.1478,1.752,1.4179,22.2163,19.0
3.8146,-7.1113,14.7014,14.1173,10.9036,16.0
1.41,-1.2098,1.2673,1.1002,20.4917,15.0
1.2558,-2.4586,2.497,1.157,40.7793,15.0
2.0402,-1.9647,2.8219,0.9195,46.696,15.0
0.7127,-1.0277,1.0813,1.0758,23.0929,22.0
2.2848,-0.8691,0.9914,0.7444,24.7524,23.0
1.755,-2.2538,2.4923,0.1991,26.8695,23.0
1.3306,-2.4976,0.7505,0.3787,30.4153,20.0
0.9518,-0.742,1.2158,1.3321,47.9114,16.0
2.4815,-2.051,2.8738,0.4586,18.0516,20.0
2.3466,-0.6603,2.6972,0.9265,22.1227,23.0
0.8627,-1.6495,2.69,1.0464,39.9903,19.0
0.7078,-0.6675,2.019,1.4027,47.4288,16.0
2.2234,-0.5439,2.3556,0.2626,20.9112,22.0
2.0711,-1.5431,0.2952,0.8879,53.3834,19.0
1.1461,-2.2449,2.3259,0.5613,34.7683,22.0
1.3279,-0.913,1.067,1.2131,41.1582,18.0
1.5987,-1.4225,1.5285,0.8275,24.2046,16.0
1.3437,-1.3442,2.1111,1.135,43.1237,18.0
0.9066,-0.7988,1.151,0.7372,20.3437,16.0
1.1987,-0.8025,2.6136,1.2376,26.7879,17.0
1.603,-0.6373,1.3211,0.3556,23.9835,17.0
1.8916,-2.2138,2.2259,1.0594,31.9883,15.0
1.8255,-2.3525,2.5286,1.3122,16.2074,20.0
0.9901,-2.475,2.5101,0.6539,45.6167,22.0
1.9962,-1.1029,0.9686,0.6467,28.4935,25.0
1.0735,-2.1882,2.6554,0.0966,45.0453,23.0
1.2928,-1.6528,2.8499,0.7087,43.4563,19.0
1.5037,-1.0813,1.3286,0.2774,53.9249,23.0
2.4021,-1.0137,1.2612,0.1312,30.6916,23.0
0.6544,-1.1151,1.4845,0.9964,31.204,21.0
2.1067,-1.2067,0.6647,0.2072,18.1123,24.0
1.1709,-2.0209,0.572,0.2044,23.4764,15.0
1.1182,-1.3966,1.9513,0.0969,25.7667,24.0
1.6275,-0.9195,0.2325,0.5061,52.7404,15.0
2.0034,-0.5825,1.5506,0.506,30.6257,20.0
1.9053,-2.3052,1.2811,1.1251,19.0401,17.0
6.9803,-5.6152,22.7698,5.5611,18.704,25.0
2.2704,-2.3134,2.1835,1.3324,47.299,25.0
1.9371,-0.5132,1.5547,1.4888,39.3496,23.0
1.1828,-0.9293,1.0832,0.5725,49.2381,21.0
6.5638,-4.5856,12.0649,19.9551,56.5845,17.0
2.4888,-2.3052,0.1433,1.1612,27.3817,16.0
1.4096,-2.1606,0.9573,0.1488,38.0605,20.0
0.8584,-0.9561,0.848,0.7362,25.2411,22.0
0.7809,-2.2521,1.7493,0.1074,49.3601,21.0
1.7394,-1.1388,1.3784,0.7931,39.9853,20.0
1.8644,-1.4881,0.8622,1.3195,42.3022,24.0
0.6141,-0.9188,2.1293,0.8632,21.1825,16.0
0.8164,-1.7014,0.3116,0.6129,33.4911,16.0
1.437,-1.4298,2.473,0.2082,22.2109,16.0
2.345,-0.9636,0.6785,0.5266,27.6914,24.0
1.9046,-1.5476,0.9073,0.1055,21.2296,22.0
0.9269,-1.3636,2.9647,1.1726,17.496,20.0
2.4571,-2.0732,0.7133,0.0833,45.3447,21.0
1.7714,-2.3328,0.3009,0.6373,26.9335,22.0
1.5496,-1.1607,0.8524,1.2543,18.6977,21.0
2.0064,-2.1709,1.1129,0.6577,34.02,17.0
1.3736,-0.6748,1.7539,1.2434,37.4363,24.0
1.9454,-1.343,0.5194,1.0129,47.9402,20.0
7.4825,-3.3309,16.4906,9.7461,72.3214,25.0
1.5414,-2.4926,1.4066,1.2571,20.0287,22.0
1.6568,-2.427,2.2626,0.3221,42.8578,17.0
0.9323,-2.0805,0.6544,1.0355,53.2042,20.0
0.5324,-0.7067,1.556,1.3082,42.9727,25.0
1.3281,-1.7965,2.5017,0.6675,53.9628,20.0
0.8516,-1.6432,0.613,0.9126,36.7105,21.0
1.8192,-1.1394,1.9389,1.068,52.5161,16.0
2.1119,-2.2924,1.9839,0.9436,31.4512,22.0
1.7477,-1.4105,1.9372,0.7799,47.2348,25.0
1.3413,-2.0542,1.4184,0.6026,22.8224,22.0
1.2012,-0.9125,1.4454,1.3666,40.7944,21.0
4.8732,-6.8803,12.8213,18.1941,27.4824,21.0
0.5083,-0.6819,0.1948,0.0881,46.6204,23.0
1.6999,-1.8298,2.8816,1.4896,24.6732,21.0
1.7889,-0.8429,2.4239,0.8879,20.1548,25.0
1.9562,-1.6938,1.0226,0.2797,24.2388,17.0
1.7629,-0.9314,2.5448,0.9596,25.4092,23.0
1.1448,-2.3135,0.1744,0.0667,45.8013,17.0
6.5379,-3.397,9.3391,10.7361,68.0989,17.0
1.7689,-0.9448,0.641,0.9962,23.8702,18.0
0.9905,-0.9399,2.3795,1.1671,41.3703,19.0
0.7875,-2.4537,2.9559,1.3071,19.4373,24.0
0.7837,-1.976,0.6238,0.1622,48.7849,18.0
1.4821,-2.4561,0.3134,1.4409,18.0525,25.0
2.2794,-1.2329,1.4075,0.2836,26.9502,17.0
1.7624,-0.7904,0.4399,0.5471,28.8713,24.0
0.51,-1.4565,0.8381,0.2263,39.2444,23.0
5.5587,-7.2383,22.7369,6.7218,23.4414,20.0
0.6669,-1.1168,0.4671,0.4468,22.9695,16.0
1.603,-1.9114,2.2611,0.7689,35.5063,21.0
1.0002,-2.1042,2.5535,1.0902,53.4749,16.0
2.0329,-1.8768,2.4029,1.433,34.5133,22.0
1.9942,-0.8682,1.9064,0.9306,32.1725,24.0
2.2958,-0.8613,1.4033,1.3397,53.3239,19.0
1.0869,-0.8466,1.9708,1.4495,29.0901,15.0
2.1181,-1.6412,0.6392,0.4057,23.6074,20.0
2.059,-2.2554,1.0239,0.0658,28.1548,22.0
1.1431,-2.0347,0.2921,0.4612,23.487,18.0
1.0561,-1.2842,2.6617,1.2969,17.993,25.0
2.0124,-1.8644,1.0284,0.3358,47.109,22.0
4.3721,-7.4037,15.6973,14.0215,55.2495,18.0
1.0701,-1.2127,2.5827,1.4825,51.4657,19.0
2.4337,-2.426,1.6471,0.8149,28.4956,15.0
0.6902,-0.895,2.1974,0.4483,45.1477,21.0
2.0492,-1.5124,0.2365,0.4827,54.3587,22.0
2.4343,-2.2572,1.1843,0.9461,16.1715,15.0
0.7775,-0.5129,2.598,1.1002,24.0537,16.0
2.3046,-1.7622,2.7184,1.4849,52.3644,15.0
2.0699,-2.2784,2.8467,0.1588,28.1732,24.0
1.2591,-1.1027,2.7821,0.896,19.7961,20.0
2.0061,-0.7244,2.9009,0.6493,32.8712,16.0
0.981,-1.5441,1.5213,0.4568,45.9058,22.0
1.0276,-1.9075,0.3401,0.8598,49.9149,25.0
2.2117,-1.1101,0.3179,0.7672,23.499,25.0
2.137,-2.1242,0.4032,0.3526,38.6209,23.0
1.1267,-0.6112,2.1547,1.0002,48.9123,16.0
0.9376,-1.7727,2.9277,1.3084,35.5386,21.0
1.0557,-2.1716,0.9907,1.3113,40.9353,17.0
0.7143,-2.2796,0.1481,0.7182,25.6703,22.0
1.4053,-1.9688,2.7881,0.1719,32.2589,17.0
1.3617,-1.8325,1.3799,0.5862,16.9654,21.0
1.3452,-1.912,1.2678,0.9114,36.1825,22.0
0.7184,-2.4003,0.8219,0.2111,19.6075,15.0
0.9775,-1.4357,0.8988,1.3298,42.9805,21.0
0.7026,-1.0322,2.6506,0.439,23.2282,18.0
1.076,-1.3074,2.2283,0.1867,35.1296,24.0
1.1106,-0.6867,0.792,0.5069,17.7782,17.0
1.4104,-0.5755,2.0315,0.6705,15.8331,19.0
0.8415,-0.9795,0.1282,0.5606,33.9532,15.0
0.995,-2.2812,2.4749,0.8725,54.6165,18.0
0.8346,-2.2068,0.3723,0.4917,44.4475,22.0
1.2016,-1.4086,2.0239,0.4176,33.35,20.0
1.1675,-1.4643,2.0254,1.3044,48.7479,22.0
1.8716,-1.0436,0.1601,1.469,49.2506,25.0
1.2144,-2.4382,1.775,1.0589,32.2288,18.0
0.8877,-0.5904,1.9523,1.4499,50.0858,25.0
2.3248,-0.5253,2.6407,0.3037,51.4131,20.0
1.2821,-1.6654,2.9824,0.4985,16.644,23.0
2.1683,-2.2541,2.4065,0.8717,46.701,20.0
2.4389,-1.5021,2.088,0.7262,21.0091,19.0
1.8286,-1.8927,0.936,1.2097,15.6237,15.0
2.1509,-2.2531,1.5163,0.0574,29.0902,15.0
3.6886,-3.6064,21.3495,12.5299,86.4746,23.0
0.672,-1.9587,2.9882,0.3353,38.409,16.0
0.5643,-0.6341,0.8213,1.0338,30.4496,21.0
0.6963,-1.9775,0.9759,0.5006,37.5563,25.0
2.1088,-2.2216,2.3262,0.4125,31.6525,18.0
0.6712,-1.3667,1.9221,0.8415,30.0386,21.0
1.5531,-1.1117,1.5611,1.0435,29.3024,20.0
1.341,-1.6795,0.1803,0.8604,53.2997,21.0
0.7812,-0.6863,2.3812,0.8915,29.9244,24.0
1.6311,-1.9133,2.2905,0.6194,31.1177,15.0
2.026,-1.464,2.5337,0.1728,25.807,25.0
1.6887,-0.8561,1.7398,1.0514,49.5726,16.0
1.8488,-1.0213,0.2538,0.3473,20.7661,22.0
2.2901,-1.2207,0.5488,0.9609,43.7657,15.0
1.7473,-2.0986,0.2947,0.2719,50.196,23.0
0.9086,-1.5525,2.5149,0.6935,17.2261,16.0
1.4674,-2.1319,0.7813,1.2792,25.4109,24.0
2.2186,-1.2657,1.3538,0.9725,22.3923,25.0
1.523,-1.1007,0.681,0.7467,26.578,16.0
1.4859,-1.1646,1.2344,1.0616,19.2934,21.0
0.7963,-1.9332,0.4484,0.6147,38.2215,15.0
2.2864,-1.2602,0.2236,1.3652,53.5119,22.0
1.4167,-2.4818,0.5591,0.7759,49.4409,18.0
1.9124,-1.7188,0.282,1.0011,29.0747,24.0
1.9304,-0.9266,0.9072,1.1558,27.1172,21.0
2.1787,-1.5325,2.8914,0.9285,22.215,23.0
1.5509,-2.2412,1.0398,1.435,28.9238,24.0
0.6351,-2.441,2.2253,0.386,41.6104,22.0
1.4528,-0.9802,2.9459,1.2224,44.3059,18.0
2.2615,-1.0437,1.2138,1.4613,51.895,15.0
0.7289,-0.8064,0.3114,1.1569,39.2613,15.0
1.1423,-1.1025,1.1951,1.4839,37.9512,18.0
1.4822,-1.1423,0.7539,1.1261,32.3625,23.0
0.8846,-1.3358,1.9244,1.0196,23.1416,17.0
1.2191,-1.6839,1.6851,0.1543,22.4122,25.0
0.8803,-2.0851,2.5,0.7762,29.2594,23.0
2.1032,-1.6222,1.9139,1.3173,37.7661,17.0
1.0965,-2.2641,0.7687,0.9222,28.2368,18.0
1.0798,-0.8437,1.2322,0.569,49.8977,17.0
0.6496,-1.3493,2.5743,1.4011,35.0019,21.0
1.5919,-0.7164,1.79,1.4085,54.3974,25.0
4.6902,-6.6956,13.6872,16.471,16.8395,23.0
1.1592,-0.9853,2.7457,0.1404,34.7422,24.0
1.9062,-0.9689,0.2026,1.4725,52.9963,24.0
2.3587,-0.725,1.4884,0.2377,43.9332,16.0
5.538,-4.7483,15.3358,9.5513,77.2358,18.0
3.2768,-4.1319,21.7932,13.0128,78.125,25.0
0.5362,-1.5357,1.2227,0.597,20.0095,21.0
0.7312,-2.264,1.8854,1.3601,29.0716,20.0
0.6158,-2.0359,1.807,0.3793,44.899,23.0
2.4819,-2.4702,2.1875,1.2283,18.0645,17.0
1.0652,-1.8717,1.847,1.3411,54.9236,17.0
1.4574,-2.2552,0.3227,0.4128,36.7458,22.0
2.1268,-0.7047,2.5904,0.6931,27.1088,20.0
1.0854,-1.1927,1.6278,0.4379,42.9109,23.0
1.1933,-1.6783,2.8566,0.755,18.1378,17.0
1.542,-1.8901,1.7036,0.228,43.9964,17.0
4.1755,-5.7986,20.9913,19.2957,6.8096,15.0
1.6765,-1.8992,2.8988,0.1366,49.183,21.0
2.2255,-1.7307,0.2288,0.3483,22.3771,21.0
1.8208,-2.4374,2.3127,1.409,51.4022,20.0
2.3149,-0.8795,1.8138,1.148,28.6378,24.0
1.3551,-1.0415,2.2327,0.1328,19.3684,21.0
2.3649,-1.9252,2.9736,0.8254,31.9534,24.0
1.0202,-0.5794,1.4553,1.4893,24.5291,15.0
1.8652,-1.9512,2.9965,1.1684,26.833,24.0
1.7311,-1.7766,2.0118,1.1845,47.4104,24.0
4.5345,-4.6961,22.212,17.7139,42.7237,15.0
1.4329,-0.5682,1.4926,1.2743,23.7137,15.0
0.6591,-0.7059,1.6992,1.4323,32.6176,19.0
1.0523,-0.7619,0.4689,0.964,20.8761,24.0
0.9653,-1.1908,0.6343,0.7847,32.6124,20.0
6.5868,-7.6959,20.1473,8.8858,26.8828,25.0
2.1988,-1.4191,0.2297,0.3903,19.3665,23.0
1.5221,-2.026,1.0448,0.5885,47.9077,21.0
1.353,-1.9338,0.1716,0.9301,29.4115,21.0
1.2494,-0.615,0.9528,0.0952,29.7321,19.0
2.3237,-2.4489,1.8662,1.2216,35.4318,23.0
1.9257,-0.6201,1.1986,0.8949,41.2824,17.0
2.4956,-2.3431,0.3242,1.4065,23.9832,23.0
1.7606,-1.0321,1.663,0.2258,50.1392,15.0
1.8184,-1.4593,1.0191,0.3328,38.0097,18.0
2.098,-0.5451,0.7696,0.5065,53.8959,18.0
2.4152,-1.6801,0.3311,0.8627,18.0578,20.0
1.7104,-1.6021,1.3147,0.8755,48.0714,17.0
0.9899,-0.6815,2.0549,1.0156,39.2218,19.0
0.7359,-1.683,1.5646,0.2652,34.768,18.0
2.2528,-2.469,0.4503,0.4319,37.1832,22.0
0.7528,-2.4318,1.3511,1.0506,54.5973,17.0
1.5586,-1.7238,1.3248,0.2348,42.8771,18.0
0.7381,-0.7051,2.7052,0.9076,39.6652,15.0
2.3414,-0.6002,2.741,0.9647,44.6279,21.0
1.4542,-2.2308,0.632,1.1606,51.6537,23.0
2.2912,-1.3129,1.1726,0.9916,30.175,22.0
1.9451,-1.9414,2.3417,0.3868,34.7317,15.0
2.2946,-1.3403,2.5478,0.6687,27.912,20.0
2.407,-2.4161,2.8407,1.3295,44.2394,21.0
1.6503,-1.269,0.3885,0.4629,19.742,19.0
0.9473,-2.1614,2.8237,0.4262,39.2468,16.0
1.8329,-2.218,0.6998,1.2662,45.1946,15.0
0.5795,-0.7187,1.66,0.3329,34.5346,15.0
1.0637,-0.6042,1.3369,0.695,20.0471,22.0
0.7192,-1.0874,2.5498,0.6944,32.2906,19.0
0.7736,-1.9431,2.0393,1.4542,47.1456,18.0
1.1542,-1.4859,0.9007,0.9644,35.5138,16.0
1.1296,-0.6505,1.3568,1.4019,46.7679,20.0
1.6163,-0.8247,1.9156,1.4263,40.0914,18.0
1.2524,-0.6137,2.0527,0.4347,21.0573,17.0
1.0652,-2.1029,2.64,1.4287,49.2863,18.0
3.3363,-5.2113,11.5453,7.6717,40.5435,19.0
1.7621,-2.0306,1.1112,0.8192,53.1734,19.0
2.2501,-1.164,1.5216,0.9635,38.9137,23.0
0.6931,-2.2753,2.6546,1.1447,26.4909,22.0
1.8248,-2.2684,1.4477,0.5124,19.5415,21.0
2.0474,-1.5325,2.4337,0.7593,31.4801,18.0
4.3396,-6.9245,22.4668,11.1351,52.7919,20.0
1.1352,-1.7172,1.3817,0.6281,51.4947,19.0
0.9379,-1.2275,0.2323,0.6991,23.8524,17.0
2.0591,-2.2794,2.9079,0.9356,20.1686,23.0
6.6111,-3.9879,9.5343,15.571,82.5394,23.0
0.5984,-2.0791,1.6529,1.4786,48.526,21.0
0.9587,-0.8974,2.7409,0.5307,23.6246,18.0
0.5721,-2.4599,2.827,0.1987,30.9175,22.0
4.4154,-7.8788,18.7364,15.3211,7.8711,16.0
1.2557,-1.6985,2.4731,1.3211,49.4793,16.0
1.9442,-0.9752,1.3046,0.0714,48.2101,24.0
0.6911,-1.3236,1.2343,1.2556,49.3721,20.0
1.987,-1.8957,1.4308,0.1945,53.7705,24.0
1.0825,-2.3139,2.904,0.8634,34.334,23.0
1.2648,-0.5137,2.2099,1.4296,45.508,16.0
1.6558,-2.4502,2.3365,0.6983,34.0723,16.0
1.1649,-0.8806,2.9299,0.1883,21.7702,22.0
0.6678,-1.6936,2.5304,0.8089,48.586,18.0
1.4868,-1.6763,2.2475,1.2598,16.4604,24.0
2.2429,-1.9637,0.7068,0.8655,34.5491,22.0
1.804,-1.8563,2.1557,0.7959,49.3461,16.0
1.3514,-2.345,0.4691,0.0698,35.7976,16.0
1.3752,-0.5562,0.2133,0.6651,21.8289,23.0
1.998,-1.4058,1.2583,0.4803,32.4192,19.0
2.2605,-1.9578,1.0349,1.3398,37.5524,17.0
1.5465,-2.0911,1.8806,1.086,35.7752,19.0
0.9212,-1.8396,2.2656,1.4945,52.1137,17.0
2.1588,-2.4804,1.3073,0.268,17.6819,15.0
0.8753,-1.1119,1.6594,0.53,17.4443,22.0
0.6335,-1.2273,2.6617,0.5502,15.5652,18.0
2.1415,-0.7638,1.795,0.4933,39.98,21.0
1.6222,-1.2168,0.6875,0.9093,19.1191,18.0
1.0259,-2.2954,2.411,0.9016,45.6422,20.0
2.2068,-1.2904,2.9033,1.119,39.6355,22.0
0.5053,-2.0363,0.7277,1.3978,39.5969,17.0
2.2492,-1.8533,2.6983,0.1257,35.4682,22.0
1.4434,-1.8949,2.304,0.3991,30.7299,21.0
1.21,-0.8227,1.0192,0.1634,39.2152,18.0
2.391,-0.8328,2.1629,1.2678,37.4194,22.0
1.0011,-2.2595,2.7093,0.9955,22.1205,20.0
2.0415,-1.808,1.3298,0.9446,50.0518,18.0
0.858,-1.0047,0.131,0.691,36.0401,15.0
1.1569,-0.6779,2.7558,0.7791,15.5198,19.0
4.3748,-5.6063,8.7466,15.4325,26.5082,25.0
1.6444,-2.4391,2.1823,0.7327,39.3019,22.0
1.4469,-0.7501,2.2767,1.2208,16.5277,15.0
1.9266,-1.0887,0.613,1.2839,18.313,16.0
1.775,-2.3753,0.3827,0.8389,54.3361,18.0
1.9749,-1.8347,2.0488,1.3545,50.9095,17.0
1.6737,-0.6114,1.5974,1.4138,31.1269,25.0
0.6299,-0.8499,1.5544,1.107,18.3587,22.0
6.0426,-4.5564,14.9573,14.5295,76.5805,15.0
1.6211,-2.2646,1.4521,1.2624,18.4438,22.0
2.336,-2.135,0.3506,0.5104,40.065,15.0
2.0775,-2.0649,1.1861,0.1678,43.9711,18.0
1.8618,-0.6147,2.6073,1.1337,44.5244,19.0
1.9118,-2.144,0.5072,0.5075,24.0384,18.0
0.8984,-0.5414,0.8521,0.6874,18.6965,20.0
1.1977,-1.2163,1.4041,0.965,48.2692,15.0
1.6704,-2.1886,1.7493,1.4909,32.3541,25.0
2.0925,-2.0851,2.129,0.7805,48.1943,19.0
2.0468,-1.9836,1.4563,0.0956,19.6119,25.0
1.4504,-1.5655,1.0367,0.8675,41.3322,15.0
0.7092,-1.7822,2.713,0.2802,34.0198,20.0
0.7004,-0.6737,0.9882,0.7269,22.4464,15.0
1.7332,-1.3129,2.114,1.1099,33.9429,18.0
1.2464,-1.8242,2.0678,0.4853,53.8306,18.0
2.3017,-1.4861,1.3209,1.1724,53.1593,21.0
0.8281,-2.1672,0.9717,0.9154,42.9053,23.0
2.4449,-0.9963,0.4767,0.5331,53.3965,16.0
2.0316,-0.897,1.4303,0.2897,15.0337,17.0
0.8441,-1.8849,0.6353,1.2938,32.462,18.0
1.6107,-0.9488,0.1143,0.281,18.9965,23.0
1.8976,-0.6743,2.0385,1.2555,43.249,16.0
1.1367,-0.6295,1.2597,0.5243,26.3278,25.0
1.3492,-1.7123,0.3078,0.758,44.6172,24.0
7.4279,-7.1092,11.9977,10.4342,47.6238,15.0
2.0034,-0.6708,1.9722,0.2502,22.5188,18.0
0.6857,-1.7319,0.6216,0.2686,27.4437,25.0
0.5697,-0.583,1.323,0.2871,42.2936,16.0
0.6653,-1.1279,0.3941,1.3006,47.142,15.0
0.7575,-1.4861,2.0903,0.0668,41.1527,25.0
2.0427,-1.8941,0.8501,0.9695,39.1454,22.0
2.062,-1.076,2.5481,1.4591,19.4669,17.0
1.5634,-1.7331,2.0567,0.2681,28.4846,24.0
1.5298,-1.271,2.6294,0.6806,33.5905,15.0
1.4792,-1.7658,2.6786,1.0453,25.0931,20.0
2.0337,-2.4529,0.875,0.4752,31.6824,22.0
1.772,-1.3084,1.136,0.1031,44.5472,18.0
1.57,-2.2479,0.5195,0.7655,50.7087,20.0
1.878,-2.0118,2.4942,1.2606,44.3075,23.0
0.5813,-1.8468,0.211,0.9336,43.9524,16.0
2.4605,-2.3425,2.7896,1.1364,31.9012,15.0
1.9935,-1.0568,2.2538,0.165,51.4939,16.0
1.6418,-0.5102,1.8852,0.8318,46.7489,15.0
1.4458,-0.9786,1.3671,1.133,46.1324,19.0
0.5915,-1.7027,0.6257,0.4631,15.202,18.0
5.0716,-7.3512,12.5399,13.9862,87.9513,20.0
0.9496,-1.082,0.7411,0.9365,44.1266,24.0
1.6758,-1.2305,1.0534,0.6141,52.1949,15.0
1.1393,-0.8547,0.5402,1.2888,34.959,23.0
1.846,-1.9886,0.1936,1.2858,53.7089,25.0
2.4699,-2.3338,2.2692,0.8179,27.1613,20.0
1.4348,-2.1882,1.7963,0.9552,37.5957,21.0
0.5468,-0.5533,1.7137,0.7616,24.3887,23.0
1.7142,-0.8007,0.3812,0.3665,54.6852,24.0
2.2298,-0.9663,2.9547,1.4694,37.0028,20.0
1.3364,-1.3015,1.0263,0.5766,19.2256,25.0
2.0235,-1.8644,1.6533,0.6187,49.3623,22.0
1.0726,-0.6509,0.5552,1.3163,31.0022,15.0
1.1681,-1.572,0.5996,1.3656,30.3341,25.0
1.3365,-2.1223,0.1842,0.3751,39.3882,23.0
1.6991,-1.0357,2.8419,0.5213,24.9976,24.0
1.8687,-0.5963,0.1659,0.9219,46.5952,21.0
2.2269,-0.7994,0.568,0.5851,49.986,17.0
1.9256,-2.1004,0.4847,0.144,16.2356,24.0
0.9901,-1.2935,2.9702,1.2053,53.9122,23.0
2.1074,-0.8242,2.629,1.3679,24.7945,16.0
3.1616,-4.6156,22.7401,19.933,78.2844,16.0
2.4151,-0.7333,1.6583,1.0879,39.2791,23.0
1.377,-0.8445,0.2734,1.2269,48.1323,15.0
1.9332,-1.4769,1.9839,0.6715,19.9623,17.0
2.0159,-1.3404,2.3957,1.0969,29.6586,25.0
2.3259,-0.9089,0.7092,0.1908,40.6814,16.0
1.9182,-0.995,2.2952,0.5465,42.5678,20.0
1.8991,-1.3635,1.8238,1.1539,20.921,19.0
7.4009,-5.1823,20.1347,9.5999,65.8461,24.0
1.4506,-1.6203,0.9552,1.1284,42.8033,17.0
2.2183,-1.9854,0.761,1.2838,38.3292,17.0
1.0188,-1.0577,2.2618,1.4944,31.2338,24.0
2.4448,-1.2123,1.8027,0.7766,35.9335,21.0
1.4705,-2.1618,1.6232,0.3043,50.8853,15.0
0.6295,-2.0503,0.6986,0.2676,39.3456,16.0
1.213,-1.5814,2.7468,1.3641,48.5991,23.0
1.9828,-1.7729,0.1952,0.9583,53.0811,23.0
1.6066,-1.4305,2.2496,1.3153,53.8175,15.0
1.5459,-2.0106,2.4121,0.3149,52.4533,18.0
1.9348,-2.1451,2.9402,0.4354,26.0991,18.0
2.3349,-0.6877,0.4844,0.489,23.3093,18.0
1.6625,-1.5715,1.6571,1.183,27.7543,25.0
1.4566,-1.6162,1.4805,0.1948,38.575,24.0
1.6387,-1.3366,2.5973,0.2117,50.4607,25.0
2.1115,-1.2712,1.4231,0.0507,45.1824,24.0
1.7623,-1.8427,1.5015,0.4614,40.8112,19.0
0.998,-1.9494,1.7277,0.4978,32.6018,17.0
1.1384,-0.5513,1.4645,0.2865,17.6224,21.0
0.6891,-0.7759,1.0931,1.0461,47.9023,18.0
2.0257,-2.0736,1.5552,0.514,36.216,16.0
2.3551,-2.0794,2.0485,0.5195,22.6762,21.0
2.2047,-1.2798,0.5557,1.4372,54.2462,25.0
1.3338,-1.0471,0.7633,0.4311,52.3732,19.0
1.1125,-1.0466,2.5048,0.5073,27.3207,24.0
1.3342,-0.9756,1.2718,1.4546,29.1445,17.0
2.0341,-2.461,2.1426,0.3525,43.6669,19.0
0.5474,-1.645,1.209,0.8592,44.5607,18.0
1.3802,-1.9521,0.3158,0.2826,43.914,24.0
2.4423,-2.408,2.0123,1.0473,51.3555,22.0
2.4739,-1.3278,0.272,0.1314,28.7077,23.0
2.3472,-2.2779,0.4894,1.1372,27.9818,21.0
2.2479,-1.3204,1.7649,0.8647,32.5304,20.0
2.0256,-1.9786,1.64,0.4726,15.8741,16.0
1.8985,-1.0219,2.8759,0.5738,45.9081,18.0
1.4367,-1.5784,1.0657,1.0326,43.1624,19.0
2.3654,-2.2195,1.9625,0.6696,47.2426,15.0
0.6206,-0.5207,1.1831,0.8703,54.8262,23.0
1.1541,-1.4224,0.9197,0.5339,17.6844,16.0
2.4485,-0.9388,1.6421,1.208,48.852,16.0
1.4369,-1.1997,0.6536,0.156,42.3581,19.0
2.2787,-0.5113,0.5414,0.5291,22.267,24.0
1.5554,-1.1148,2.4786,0.677,15.8593,24.0
1.7474,-1.7201,0.1248,0.5175,21.0198,18.0
2.0356,-1.4353,1.9955,0.3405,47.861,20.0
1.9298,-1.3463,0.6477,0.265,27.3393,16.0
6.0096,-3.7765,21.2509,13.1011,86.1462,20.0
2.3569,-1.1837,0.6849,0.2868,54.6401,18.0
0.9345,-1.7893,0.4982,1.3534,32.5856,21.0
7.3377,-3.7291,11.5459,5.7382,42.2765,18.0
1.261,-0.871,0.3693,0.3039,51.5313,23.0
2.0132,-2.2593,1.5184,0.927,44.9873,20.0
0.9207,-2.3184,1.57,0.7431,35.3494,22.0
4.9001,-5.8999,24.3467,6.501,35.6334,19.0
1.3683,-0.8044,0.972,1.4996,18.3781,25.0
2.2519,-2.4683,2.8963,1.108,50.8932,15.0
0.998,-1.3708,0.4711,0.2758,42.8028,15.0
2.1048,-0.7673,2.0168,0.589,31.5951,17.0
0.8493,-1.4628,0.539,1.2237,41.7467,20.0
0.7188,-2.1753,1.5429,0.4938,40.0125,19.0
0.557,-2.4483,0.1826,0.7322,44.398,17.0
0.593,-1.7459,1.8357,0.8115,21.3269,15.0
0.9454,-1.6602,0.2923,1.4547,33.5773,21.0
1.5735,-2.2312,1.8495,0.9734,27.4572,22.0
1.0137,-1.8542,1.666,1.4375,41.7373,16.0
1.9974,-0.7961,0.6692,0.368,20.1923,17.0
0.6644,-2.3104,1.2711,1.336,19.2091,18.0
1.9601,-1.8978,2.1603,0.7201,38.6314,23.0
2.2672,-0.9802,0.482,0.6619,41.4481,24.0
2.2015,-1.0041,2.4193,0.9662,46.7678,17.0
6.1732,-3.8231,12.0431,10.9515,5.9956,22.0
1.1878,-1.2426,2.4693,0.8869,33.0842,18.0
1.0256,-1.6203,2.2604,1.0004,35.5796,20.0
2.2851,-1.9894,2.4403,0.7567,36.956,25.0
2.2124,-0.9735,0.8623,1.1838,32.0606,15.0
0.7525,-2.0457,1.4266,0.2111,37.0186,19.0
1.1952,-1.5949,1.7046,1.4123,53.6517,23.0
2.1401,-0.7288,1.5816,0.2555,42.223,15.0
1.9892,-1.4489,2.3618,0.8662,36.2225,15.0
1.2253,-2.0392,2.8468,0.8198,29.9789,16.0
1.7698,-0.7821,0.7561,1.3994,43.6434,23.0
1.7193,-0.7834,0.9074,1.4406,52.956,19.0
1.5435,-1.6575,1.482,0.5168,43.8619,19.0
4.2566,-5.2212,13.2973,18.8458,57.115,16.0
1.3208,-2.2124,2.4851,1.1587,47.2795,18.0
0.8189,-1.662,1.8151,0.4104,29.0163,18.0
1.0524,-0.7147,0.4581,1.1225,52.7736,17.0
0.7848,-1.9491,1.0497,0.9733,35.8248,23.0
1.7571,-1.5578,2.0152,0.4833,19.9946,24.0
0.6408,-0.542,2.7405,0.545,25.8841,15.0
2.2822,-2.2743,1.4529,0.8982,50.0497,22.0
0.9493,-2.2939,2.9931,0.9248,38.9619,20.0
2.1999,-1.5109,2.1346,0.6771,17.2661,16.0
1.0604,-1.0519,0.9,0.4149,35.3129,21.0
1.0025,-1.7867,0.1375,1.084,34.422,24.0
1.6822,-1.1687,0.4015,1.1823,43.3412,23.0
1.6312,-1.2867,2.6241,1.018,16.684,16.0
2.0872,-0.5919,1.7693,0.2203,45.5612,20.0
1.9186,-1.2924,2.4643,1.0915,16.5946,25.0
2.2045,-1.3533,1.616,1.4133,47.5264,25.0
1.3636,-0.6838,0.7265,0.3121,40.2209,20.0
2.3413,-0.8962,2.2143,1.2817,25.1406,25.0
2.4472,-2.0026,1.3934,0.1193,33.3282,25.0
2.0873,-2.0812,2.3353,0.8436,27.8752,21.0
2.0619,-2.1559,1.5495,0.1789,29.0722,23.0
2.1725,-2.0449,2.5032,0.1969,43.8776,25.0
1.7436,-1.221,2.294,0.3431,49.239,22.0
2.1118,-0.7084,2.2888,1.441,27.9104,16.0
1.1211,-1.4878,1.9627,0.4795,37.3969,17.0
1.8913,-2.1028,0.3626,0.9171,50.0773,21.0
0.7915,-1.8197,1.126,0.2429,30.4096,19.0
2.4415,-1.8523,0.752,1.2479,24.8361,17.0
1.0476,-1.511,2.5164,1.4757,24.8141,18.0
2.1231,-2.2092,0.9607,1.4487,49.3013,22.0
1.3291,-1.3975,1.7474,0.6479,48.9162,24.0
1.6509,-0.6953,1.2226,0.4292,46.8719,20.0
1.0271,-1.7595,2.7102,1.4085,27.8062,20.0
1.8864,-1.8567,2.4996,1.0685,46.8223,24.0
2.462,-0.9316,1.5716,0.7398,27.5394,24.0
1.1967,-1.0957,2.9318,1.2406,23.9586,19.0
0.6064,-1.2624,1.5417,0.6825,53.1266,17.0
5.2423,-4.7486,23.2293,12.1494,65.0363,16.0
0.6308,-1.0623,1.7523,1.4237,44.1104,24.0
1.9084,-0.6145,2.96,0.362,33.0845,23.0
1.1093,-2.0349,2.4154,0.7865,31.2857,23.0
1.6737,-0.7745,2.9156,0.1268,45.1787,24.0
2.4547,-1.2723,1.6363,1.1091,44.3023,18.0
2.0475,-0.5208,2.5236,0.0928,52.153,16.0
0.6883,-1.6929,2.1327,1.0438,47.1966,21.0
0.777,-1.8134,0.378,0.565,43.2905,19.0
0.8691,-1.6971,0.7573,1.4792,40.3203,20.0
0.6881,-1.9845,2.65,0.1383,37.2851,25.0
0.837,-0.5728,1.6345,0.0568,30.3901,15.0
1.6362,-1.7503,0.3012,0.3,40.4593,22.0
0.9367,-1.8095,2.6291,1.3733,38.9887,24.0
1.3814,-0.8081,2.3388,0.7856,47.5745,22.0
3.1939,-5.3121,24.2865,19.1106,73.6124,19.0
0.7155,-1.1339,1.8113,0.2927,18.9889,18.0
2.4947,-0.66,2.8197,1.3965,36.9192,21.0
2.388,-1.1626,0.2898,0.407,20.6553,22.0
1.3086,-1.7834,2.7582,1.3856,47.4363,25.0
2.1781,-2.3024,1.6075,1.0121,27.8221,23.0
1.9044,-1.4567,2.2951,0.9826,26.3025,17.0
0.8961,-0.6115,1.3363,0.681,18.2956,15.0
1.143,-1.5318,1.2275,0.7715,46.4544,19.0
1.8978,-1.4449,0.2207,1.4228,27.2848,24.0
1.6425,-2.1533,1.0096,0.1195,16.1185,19.0
1.2035,-1.4245,2.4889,1.042,32.3522,23.0
0.8566,-1.7584,2.1276,1.3705,18.946,17.0
1.9248,-2.3541,0.6905,0.3498,40.6168,15.0
4.9074,-3.4984,9.9776,9.3566,81.8736,25.0
2.1626,-0.5312,2.9625,1.2485,29.8714,21.0
3.7083,-6.7691,19.3651,18.2292,40.9415,24.0
2.3042,-1.8805,2.8268,0.9973,51.5494,21.0
1.3318,-1.6727,0.9065,1.3566,47.669,22.0
0.5209,-1.115,0.2212,1.1623,20.1555,18.0
0.7288,-2.1822,2.3945,0.1464,36.4776,17.0
1.013,-1.1382,2.7988,0.6274,36.4504,19.0
1.023,-0.978,1.2452,1.3341,23.085,16.0
1.4959,-2.2458,2.9871,0.73,19.3738,18.0
4.9403,-7.582,19.7915,6.011,42.0556,20.0
0.7855,-1.306,0.2191,1.4037,45.6716,18.0
1.9498,-2.4125,0.1412,0.2714,49.3795,19.0
1.2002,-2.0987,1.968,0.6174,21.1239,19.0
0.9505,-1.2456,1.0741,1.0957,16.0124,22.0
0.9916,-1.4429,1.7149,0.2579,53.5671,15.0
0.6303,-1.4639,0.1506,1.0947,43.9632,20.0
0.787,-2.2924,0.7776,0.6028,37.5085,21.0
0.7393,-2.051,1.922,0.8673,17.957,25.0
1.4529,-1.357,1.2196,1.0441,30.4707,18.0
1.7252,-1.8097,2.9651,0.7097,51.7771,17.0
2.2589,-2.0523,0.9319,1.1099,53.5216,21.0
2.2639,-1.7638,0.1607,1.2179,20.7594,22.0
2.2596,-0.7966,2.9637,0.2313,40.06,18.0
1.3423,-1.6645,2.227,0.6936,30.5377,20.0
1.8307,-2.2338,1.6368,0.4067,43.5036,24.0
2.2472,-1.1813,1.8947,1.3555,36.9282,21.0
1.1138,-1.7143,1.4637,0.8371,33.0928,24.0
0.8988,-1.8246,2.6808,1.0065,52.4849,21.0
1.386,-1.1121,1.2193,1.0171,25.9328,25.0
0.8117,-1.6962,2.3674,0.3368,31.4516,22.0
1.9769,-0.9748,1.5114,0.935,45.5357,23.0
2.2518,-1.1476,2.3822,0.1743,15.3467,15.0
0.6799,-0.6369,1.1344,1.1282,53.3183,19.0
1.2259,-0.6815,1.792,1.251,34.0035,17.0
0.703,-1.3762,2.7124,0.2704,31.6074,23.0
1.3194,-1.3767,1.9232,1.0648,26.2494,18.0
1.8277,-2.2067,1.3902,1.1457,20.4239,21.0
1.4538,-0.9657,1.7999,1.4823,29.4954,22.0
0.8637,-0.712,2.9139,1.4226,37.6713,20.0
2.273,-2.3622,0.4913,0.4852,30.7446,17.0
2.3701,-0.5792,0.6717,0.9696,26.694,16.0
2.4671,-1.5105,1.9034,0.906,54.6681,20.0
0.884,-1.9395,1.6093,1.3781,34.5844,17.0
0.9776,-1.8867,1.4019,0.6778,16.6182,25.0
0.6605,-1.3975,0.4789,1.4685,39.9668,24.0
4.9034,-3.4773,14.4603,5.5397,62.1118,21.0
2.1063,-0.7927,2.3739,0.6404,28.6851,20.0
1.6048,-1.5223,0.8734,1.3744,51.751,16.0
2.3267,-0.777,2.6979,0.0834,20.141,16.0
0.8542,-2.3701,1.7585,0.3936,18.4955,16.0
3.0672,-3.9651,22.7927,14.2619,18.2807,25.0
2.4382,-1.238,1.0596,1.0142,39.5026,15.0
0.899,-1.0079,0.3354,0.183,53.0557,15.0
1.8712,-2.0796,2.1792,0.611,40.0181,18.0
0.8946,-0.5241,1.8558,0.3198,26.5225,25.0
2.2218,-1.615,1.572,0.1654,53.9676,19.0
1.584,-0.5546,2.1299,1.0692,18.0312,17.0
2.0126,-2.0446,1.2445,1.2623,26.8688,21.0
1.0708,-1.647,2.491,1.1164,36.222,25.0
1.8671,-1.9371,0.5677,0.1393,34.7569,15.0
2.1354,-2.3401,2.3169,1.0884,15.48,25.0
1.6763,-0.6673,1.1483,1.0376,42.1278,16.0
1.9543,-1.8619,1.1385,1.2259,29.8177,19.0
1.1269,-0.5018,0.6518,0.9015,16.708,20.0
2.2599,-1.8513,2.4091,1.4206,31.1297,22.0
0.7842,-0.9989,1.3168,0.0855,20.5773,20.0
2.2405,-2.2012,1.1606,0.6799,47.6962,17.0
2.3921,-2.066,0.1475,0.7348,25.8356,18.0
4.9612,-6.4824,24.2383,13.2399,24.3578,22.0
1.4983,-1.6298,2.5696,0.7566,41.6316,20.0
0.6338,-1.8534,1.4824,0.4695,24.4061,22.0
1.3327,-2.4741,0.9932,0.28,40.2184,25.0
1.7233,-1.3018,1.6359,0.5446,29.9342,17.0
2.4409,-2.3738,1.3965,0.6547,23.3782,20.0
2.3203,-0.6949,1.9382,1.3577,34.0475,19.0
1.6544,-1.8379,0.6637,0.2343,27.8733,25.0
2.3228,-1.0838,1.8672,1.2293,24.964,24.0
0.5388,-1.4781,0.3772,1.1378,39.9443,16.0
1.4254,-0.6991,2.8467,1.1053,17.677,21.0
2.0826,-1.9476,0.5149,1.2793,17.3609,18.0
0.5061,-1.7877,1.8999,0.8647,46.3474,20.0
1.1283,-0.7336,0.6802,1.2256,22.5278,24.0
1.0912,-2.3789,2.6658,0.8091,35.1652,18.0
1.346,-0.8628,0.1317,0.4284,20.7624,15.0
6.2199,-5.8929,14.2667,16.637,89.4033,22.0
1.6105,-1.3123,2.2995,0.2062,25.9421,19.0
1.7131,-1.9305,1.8008,0.5181,15.6782,15.0
1.6052,-1.7624,1.0143,1.0947,37.0051,25.0
1.1478,-2.144,1.8779,1.1528,40.7448,20.0
1.6371,-0.7335,0.262,1.09,20.2747,16.0
0.7798,-2.2955,0.5738,1.0851,18.6744,20.0
1.1763,-1.6747,2.2775,0.7641,36.8045,23.0
2.0795,-1.1108,1.6895,0.1797,23.2902,17.0
2.3228,-1.9785,0.7939,0.9849,37.3074,15.0
1.8946,-1.5426,0.2223,1.1499,52.9986,17.0
1.1459,-0.9881,2.0438,0.0779,45.6215,22.0
6.5737,-5.9253,9.1553,8.0019,8.0605,18.0
0.5143,-1.0964,1.7866,0.5838,50.9432,17.0
0.8045,-2.4853,1.9203,0.953,25.6259,20.0
0.8197,-2.0968,1.8621,0.535,28.0823,19.0
1.8009,-1.5967,1.3921,1.4532,41.8739,21.0
0.7254,-1.7251,0.4095,1.403,23.2233,24.0
1.0972,-1.1205,0.7216,0.9102,27.1348,22.0
1.7522,-1.3663,2.6647,0.4159,35.444,19.0
7.1479,-3.6982,11.508,19.2019,38.0286,20.0
1.2815,-0.9923,2.7704,0.7463,38.8696,25.0
0.997,-1.2673,2.6648,1.2864,39.7711,15.0
2.3603,-1.8931,1.2061,0.8738,21.3795,15.0
1.7915,-0.5581,2.2514,0.5906,26.1991,25.0
6.8522,-3.5074,13.1349,8.9409,84.0607,18.0
1.7734,-0.5952,2.399,1.3264,52.2817,17.0
3.4305,-6.826,22.7865,13.6967,52.3828,19.0
5.8162,-7.6836,19.7606,8.2321,38.7908,21.0
5.4871,-3.8477,15.0112,19.5936,54.0247,15.0
2.4189,-0.7472,2.1587,1.0924,23.1079,19.0
4.3598,-3.64,11.9919,11.7198,5.1656,25.0
5.8161,-3.715,17.5021,15.5442,72.3169,15.0
0.6768,-1.7654,2.4801,0.8397,29.9307,20.0
1.5815,-1.8586,1.954,0.6402,38.2085,20.0
1.1949,-1.9151,2.4613,1.1399,34.7804,23.0
2.4228,-2.3271,0.8343,0.2496,51.9888,25.0
2.0074,-0.7764,0.5764,0.112,35.2541,25.0
1.1833,-1.2346,2.2599,1.2841,37.9477,18.0
1.2927,-0.8531,2.6541,1.4862,36.7599,23.0
0.5081,-0.631,2.0274,0.2888,24.0713,20.0
1.151,-0.8271,1.1826,1.4085,35.9248,21.0
1.2023,-1.684,2.2795,0.2043,40.6188,22.0
1.8879,-0.9934,2.177,1.3451,53.7712,16.0
2.3317,-1.1101,0.989,1.1459,27.1143,18.0
0.6932,-0.871,0.1682,0.0951,19.843,17.0
1.861,-2.366,1.4125,0.2225,52.795,25.0
1.8956,-1.8996,1.2245,0.3523,32.141,24.0
1.7704,-1.3133,2.0694,1.4667,34.9998,20.0
6.5032,-3.6941,14.5238,13.0853,13.3306,24.0
1.2021,-0.5573,1.5219,0.0896,16.5469,22.0
0.6737,-1.9957,0.3669,0.4058,48.2252,25.0
1.4094,-1.0019,0.8,1.4768,16.3737,19.0
1.9081,-1.5976,1.8798,0.1877,42.353,24.0
2.0617,-0.6289,1.3888,0.778,33.5272,24.0
2.35,-1.1926,0.2413,0.8992,42.9287,22.0
1.4035,-0.7929,0.2155,0.9216,32.0693,25.0
2.1747,-2.1018,1.5101,0.0583,46.0296,25.0
2.0449,-2.4123,0.6298,0.5431,42.3213,22.0
1.3893,-1.0984,2.7438,0.1972,20.5682,24.0
1.3762,-1.7666,2.1269,0.0798,36.007,20.0
0.7127,-1.5527,0.9088,0.8581,31.8902,16.0
2.2556,-1.1706,1.4764,0.7853,24.7293,17.0
0.824,-1.3592,2.0275,0.6968,54.8608,20.0
1.4558,-0.5583,2.0032,0.8941,19.634,15.0
0.7948,-2.2336,2.1343,0.0662,17.3998,15.0
1.8318,-1.3289,0.1257,1.3266,20.4825,18.0
2.1025,-2.1227,1.4768,0.7442,18.9619,21.0
1.7541,-0.7826,0.3057,1.0173,49.3138,17.0
0.636,-1.4732,2.9633,0.8709,24.8827,21.0
1.2234,-2.0493,0.8612,0.1365,32.2748,20.0
0.5553,-1.1567,2.7993,0.6166,39.2575,18.0
0.7547,-1.2702,2.3924,1.3387,40.8416,25.0
1.698,-1.9247,2.342,0.6775,16.2366,16.0
1.9089,-0.9459,2.3415,0.1079,26.0956,19.0
2.1136,-0.6658,0.9801,0.8262,28.0835,19.0
1.4398,-1.5244,2.2965,1.2673,38.5824,23.0
