route_deviation_meters,speed_kmh,stationary_duration_sec,distance_to_next_stop_m,route_progress_pct
9.17,31.51,0.0,4076.9,22.32
7.33,0.0,53.3,21.9,42.19
6.52,35.49,0.0,3042.7,2.65
11.5,30.5,0.0,4451.4,58.93
5.57,0.0,95.1,35.8,34.03
7.51,32.98,0.0,3360.1,84.75
5.37,0.0,29.3,5.8,97.31
9.5,0.0,81.2,5.0,61.85
8.76,0.0,65.1,21.4,28.94
7.4,22.48,0.0,2099.0,27.8
3.13,45.99,0.0,3389.3,26.7
3.76,36.07,0.0,5443.4,72.91
9.34,20.78,0.0,4290.4,55.69
0.0,26.21,0.0,1239.3,3.21
8.89,4.27,61.8,2008.4,87.64
2.97,6.6,20.5,2943.7,24.66
4.83,0.0,76.6,49.0,39.94
7.05,32.02,0.0,3488.2,10.96
4.72,0.0,64.3,27.3,38.16
5.88,10.78,37.3,3424.5,86.08
5.4,47.08,0.0,2447.7,11.16
13.83,22.99,0.0,2803.2,26.34
12.9,17.34,0.0,3550.3,29.84
9.89,46.67,0.0,4304.6,53.94
9.54,30.04,0.0,5117.1,1.95
7.68,0.0,41.3,32.5,5.79
0.0,48.4,0.0,4235.5,48.6
8.85,21.04,0.0,4811.1,47.53
5.03,11.17,0.0,1186.2,21.18
4.42,22.42,0.0,2894.9,99.51
2.53,21.6,0.0,1342.6,22.47
10.53,24.12,0.0,4989.3,7.1
3.88,0.0,62.8,29.8,7.09
12.31,50.76,0.0,2652.4,57.1
6.92,0.0,44.8,5.5,9.69
7.76,14.0,0.0,631.5,72.91
0.0,35.86,0.0,1127.1,33.93
3.69,28.38,0.0,5085.6,42.19
8.98,26.33,0.0,5496.1,86.13
5.6,0.0,103.5,6.3,96.9
3.24,30.75,0.0,416.6,40.1
9.13,29.13,0.0,2557.0,78.41
18.66,19.56,0.0,3979.4,55.58
2.95,60.24,0.0,3027.9,57.92
10.96,0.0,71.6,18.5,50.29
4.13,7.58,59.7,3392.3,8.01
12.13,47.26,0.0,3310.4,24.62
1.37,37.72,0.0,5147.4,52.28
5.38,21.34,0.0,3727.1,39.58
3.3,48.33,0.0,2574.7,7.25
7.56,5.97,30.6,4410.3,21.32
15.26,0.0,85.9,30.8,36.95
0.0,0.0,12.3,33.4,65.4
6.36,35.98,0.0,723.3,66.34
5.2,27.71,0.0,3975.1,55.32
11.4,28.78,0.0,4988.8,63.42
10.61,0.0,42.2,18.7,9.23
6.75,13.06,0.0,4102.6,26.2
5.5,30.73,0.0,4868.8,7.52
0.0,4.39,41.2,1575.9,58.25
7.67,0.0,94.3,0.0,79.61
6.01,35.59,0.0,4874.3,78.01
4.32,25.22,0.0,4768.9,92.99
9.08,0.25,33.5,4657.5,2.48
2.42,0.0,67.3,7.7,86.41
12.31,0.0,91.9,18.2,85.86
13.26,32.42,0.0,227.8,30.52
3.24,50.62,0.0,1607.3,32.83
0.0,44.77,0.0,5171.9,39.97
5.41,43.34,0.0,1533.5,97.04
15.24,28.6,0.0,3373.5,43.46
2.56,21.84,0.0,3927.4,38.52
4.58,11.42,0.0,4106.5,92.56
4.47,0.0,93.4,21.3,36.42
2.96,51.44,0.0,1721.7,71.98
2.6,36.63,0.0,787.4,29.57
11.6,23.39,0.0,3423.8,90.28
5.89,29.9,0.0,2421.4,28.69
3.48,18.91,0.0,1254.0,44.22
11.8,17.55,0.0,557.9,16.97
3.57,21.96,0.0,4156.1,81.84
6.42,0.0,76.4,15.4,2.44
10.54,0.0,29.7,22.2,7.28
4.46,16.77,0.0,3642.7,24.4
6.04,9.43,0.0,2395.8,10.66
10.66,26.22,0.0,1445.7,5.02
0.0,0.0,72.1,28.4,66.76
5.59,2.37,14.3,2548.7,89.14
0.0,0.0,44.2,7.4,74.37
6.49,31.44,0.0,3484.4,63.77
1.17,27.87,0.0,1826.4,7.75
9.11,32.17,0.0,3914.7,13.84
12.11,18.0,0.0,1216.9,40.76
4.9,14.02,0.0,4726.4,90.48
2.89,0.0,83.3,15.3,38.04
12.0,0.0,10.7,14.8,41.9
0.97,32.45,0.0,256.7,22.05
10.2,24.06,0.0,2623.9,67.91
7.36,41.84,0.0,3147.7,62.23
6.68,38.79,0.0,371.5,64.27
9.35,20.57,0.0,2147.3,21.17
12.0,0.0,59.9,19.1,83.19
0.0,17.32,0.0,3610.8,35.0
2.12,0.0,25.8,15.6,94.96
6.77,22.51,0.0,1277.0,12.62
1.49,0.0,76.9,26.9,76.69
11.56,0.0,90.5,16.8,96.47
6.57,41.65,0.0,3961.1,67.73
4.96,26.12,0.0,4271.4,69.06
4.67,0.0,112.0,34.8,60.04
3.57,0.0,81.7,5.9,37.06
5.86,0.0,110.1,30.7,82.23
8.98,13.44,0.0,4062.5,43.55
5.09,11.41,13.7,3668.6,53.82
6.44,32.48,0.0,4860.8,85.17
4.51,20.99,0.0,255.0,46.47
3.5,0.0,70.5,32.4,18.18
10.54,17.26,0.0,154.8,27.63
11.48,8.45,36.6,3247.2,48.86
0.0,37.08,0.0,3835.7,79.29
7.56,15.44,0.0,2397.7,58.16
6.82,0.0,54.2,7.4,33.08
7.9,35.4,0.0,2993.7,11.96
7.11,0.0,76.0,10.6,48.42
0.0,36.36,0.0,1328.4,28.3
7.55,20.61,0.0,5361.2,1.41
5.32,46.95,0.0,2750.7,69.74
11.74,0.0,33.6,17.1,57.41
15.03,39.06,0.0,4539.4,47.77
11.04,37.59,0.0,905.7,5.36
1.76,65.0,0.0,4228.0,11.85
6.72,21.7,0.0,2532.8,52.26
13.75,8.0,0.0,3453.5,30.54
5.4,8.0,0.0,1239.5,20.78
7.36,0.0,72.9,25.9,7.51
6.07,32.18,0.0,3896.1,29.13
12.22,48.76,0.0,3475.3,68.74
2.76,0.0,32.1,20.7,93.37
12.28,17.77,0.0,996.0,7.14
5.97,14.43,0.0,771.5,28.86
3.03,0.0,10.0,10.9,50.05
6.06,26.0,0.0,593.2,43.2
8.73,0.0,12.7,4997.9,83.6
5.86,0.0,67.1,0.7,75.63
7.07,2.34,20.5,2484.0,18.15
3.92,38.82,0.0,4731.8,67.01
4.86,20.72,0.0,4493.3,94.52
2.66,32.92,0.0,5339.0,32.33
0.0,26.73,0.0,3030.0,65.77
7.45,40.51,0.0,3477.2,75.64
7.45,0.0,90.2,0.7,92.77
8.35,23.12,0.0,955.2,97.31
4.13,61.18,0.0,5029.8,55.23
12.89,36.96,0.0,3969.7,11.75
1.91,47.06,0.0,1416.1,27.34
0.0,42.61,0.0,4848.4,38.36
3.75,0.0,66.4,5.0,27.62
0.0,5.73,27.0,4994.6,28.28
11.07,19.28,0.0,3080.4,14.86
5.12,26.62,0.0,3866.5,45.53
8.33,30.57,0.0,4121.4,23.36
4.82,0.0,32.2,24.7,81.14
10.64,0.0,56.5,1.6,3.7
5.92,0.0,31.6,19.5,87.42
5.29,17.86,0.0,933.6,65.48
9.57,27.9,0.0,3609.1,69.27
10.75,0.0,20.4,8.5,38.0
11.82,0.0,69.2,15.8,87.24
18.14,10.25,0.0,2443.4,74.68
0.58,11.86,0.0,3847.6,44.37
12.84,7.52,27.1,2679.3,29.34
7.59,32.35,0.0,4802.5,79.25
7.42,35.69,0.0,2590.2,24.08
4.84,51.65,0.0,4966.5,25.53
6.43,0.0,38.5,18.3,15.8
3.3,20.34,0.0,4664.6,25.01
2.56,39.14,0.0,3188.4,23.72
9.34,29.54,0.0,3654.4,97.79
0.43,22.65,0.0,364.8,74.47
0.0,30.53,0.0,4413.8,28.62
2.59,43.67,0.0,3759.9,62.09
1.88,0.0,19.8,26.8,62.82
2.71,12.9,0.0,586.7,44.08
2.89,32.88,0.0,3012.8,74.75
7.9,10.84,15.5,1322.0,53.09
0.0,0.0,65.2,12.4,74.66
7.68,11.82,26.7,3634.9,14.08
13.08,4.89,35.8,2706.0,36.58
5.35,22.54,0.0,4541.1,67.28
1.32,6.07,39.5,4427.0,10.83
8.44,25.69,0.0,4548.8,6.32
4.68,8.91,51.1,2488.5,13.98
4.87,38.68,0.0,3720.6,88.73
9.31,0.0,24.0,23.0,94.6
4.43,32.79,0.0,2303.8,48.93
9.77,6.59,72.5,541.8,44.34
3.6,0.0,83.3,13.7,54.45
6.75,35.69,0.0,2555.5,84.8
2.61,0.0,33.8,16.7,2.14
3.09,48.56,0.0,1218.6,56.46
8.85,26.79,0.0,4962.9,86.97
7.99,33.89,0.0,1453.5,85.84
7.67,32.05,0.0,4365.9,66.11
6.11,31.8,0.0,4105.3,32.38
7.17,9.41,0.0,2871.5,74.57
7.03,33.37,0.0,4329.4,50.38
5.6,0.0,10.0,21.7,52.15
1.98,31.6,0.0,2747.5,68.61
7.47,6.55,49.7,3183.7,60.83
7.29,44.75,0.0,2550.1,32.52
5.83,22.99,0.0,3614.9,9.92
0.0,0.0,66.0,25.7,72.08
3.67,41.19,0.0,613.5,41.6
4.03,19.99,0.0,5084.1,15.26
6.87,25.38,0.0,4089.5,9.66
1.01,0.0,48.5,12.5,56.16
7.79,30.04,0.0,3993.7,66.53
0.0,3.65,56.1,1103.1,60.04
6.31,0.0,71.8,3.6,84.54
11.02,48.3,0.0,4519.5,80.72
0.0,57.23,0.0,4579.1,64.27
7.51,26.98,0.0,1935.1,18.04
2.71,18.89,0.0,866.1,86.99
4.36,29.8,0.0,2367.1,3.07
3.22,26.31,0.0,3165.0,37.01
0.0,39.15,0.0,3739.4,5.26
10.64,17.09,0.0,1575.1,66.19
6.39,0.0,41.5,18.5,11.38
0.09,0.0,63.1,4.3,4.54
9.31,31.57,0.0,1479.8,30.14
8.11,29.86,0.0,2153.1,0.77
3.51,0.0,82.7,0.0,50.03
6.76,27.31,0.0,5074.3,1.87
1.36,0.0,45.0,10.7,70.95
6.98,35.28,0.0,4592.9,32.48
0.74,7.25,22.6,2964.9,8.81
3.27,36.3,0.0,1898.6,33.95
4.04,29.61,0.0,4992.0,51.0
4.95,8.04,0.0,1375.9,81.5
7.77,45.41,0.0,3639.7,76.02
6.67,16.13,0.0,4203.3,75.44
10.58,22.9,0.0,3472.4,63.53
4.4,0.0,49.7,7.1,6.83
7.21,19.67,0.0,2540.3,5.62
5.84,51.25,0.0,4718.6,83.17
9.71,15.16,0.0,4375.8,50.71
7.18,0.0,73.3,1.5,44.97
3.74,31.05,0.0,658.9,6.19
2.49,0.0,92.9,18.5,50.45
8.67,23.02,0.0,2113.4,43.94
5.66,21.46,0.0,4361.8,40.88
10.59,44.98,0.0,1634.4,6.59
9.37,0.0,102.3,3.7,65.66
4.08,26.71,0.0,5325.6,34.98
1.81,0.0,81.1,11.4,93.8
9.62,0.0,37.4,0.0,81.32
4.07,0.0,31.9,6.6,64.6
7.75,36.5,0.0,2725.9,18.03
15.47,50.48,0.0,646.2,13.76
9.6,0.0,65.2,13.1,83.51
6.22,23.67,0.0,976.1,37.67
6.96,0.0,14.9,5.5,16.55
7.57,0.0,40.8,17.8,23.75
1.31,0.0,69.7,19.1,30.95
1.8,0.0,128.2,5.6,36.78
5.22,41.54,0.0,5317.8,52.75
6.69,0.0,47.1,2.1,25.0
0.0,43.27,0.0,1639.3,10.26
0.0,0.0,71.7,11.8,27.28
8.68,27.19,0.0,1987.8,45.11
10.46,34.65,0.0,5470.4,23.58
15.1,34.89,0.0,3609.8,83.92
8.13,0.0,75.6,13.2,82.98
3.94,0.0,70.2,15.1,44.86
8.57,16.97,0.0,2950.0,72.72
5.2,39.87,0.0,2367.1,4.77
4.13,0.0,63.2,13.5,90.51
5.58,37.88,0.0,3420.0,24.19
9.32,27.4,0.0,5363.1,41.66
4.55,8.0,0.0,3092.4,52.61
5.45,8.0,0.0,1469.7,47.01
0.0,19.06,0.0,3492.6,78.85
11.38,0.0,56.3,17.6,73.52
6.96,23.14,0.0,2609.0,77.91
1.06,0.0,26.4,16.8,6.31
1.63,31.1,0.0,5140.2,4.38
7.11,21.16,0.0,4167.8,98.91
5.18,34.63,0.0,1892.4,35.7
0.0,45.21,0.0,4931.0,36.8
1.78,15.93,0.0,5091.3,97.37
6.11,29.3,0.0,3353.2,80.11
4.39,0.0,55.6,18.7,54.55
4.11,0.0,91.8,11.6,42.61
2.54,8.0,0.0,1582.6,87.0
17.34,9.81,47.9,1848.4,94.79
1.76,0.0,10.0,1.4,14.28
1.64,32.04,0.0,2167.4,6.72
2.24,17.39,0.0,2108.9,60.51
0.0,0.0,35.2,13.1,57.39
6.0,35.89,0.0,2794.8,73.57
3.11,26.47,0.0,2509.9,26.03
4.02,12.52,63.1,2287.6,49.12
11.45,0.0,92.2,22.9,44.51
4.44,0.0,80.9,0.0,6.49
3.79,0.0,92.0,8.7,71.18
3.97,0.0,59.3,26.4,20.1
11.42,15.29,0.0,3078.9,55.4
11.3,12.74,0.0,3981.9,8.62
20.73,32.09,0.0,5350.9,76.92
4.6,25.31,0.0,4841.0,45.0
2.67,0.0,87.0,38.7,63.98
7.14,27.84,0.0,926.3,12.42
3.23,46.93,0.0,5180.9,34.6
7.72,0.0,44.4,10.1,63.51
5.35,22.71,0.0,5184.7,53.35
5.96,27.0,0.0,4649.7,65.87
0.64,33.6,0.0,3563.9,82.52
6.22,31.32,0.0,3550.6,65.11
1.87,22.58,0.0,2707.9,62.72
15.71,0.0,57.1,18.7,68.5
1.72,35.12,0.0,3376.0,20.4
4.71,10.85,0.0,5367.0,86.08
2.47,41.2,0.0,2619.0,31.91
6.02,35.41,0.0,2174.4,29.02
6.09,54.03,0.0,1868.2,15.97
3.39,48.81,0.0,2879.5,49.83
5.69,32.42,0.0,2829.4,94.52
6.81,8.73,0.0,3288.6,5.05
6.27,37.31,0.0,4865.3,53.67
2.52,0.0,43.2,22.5,76.39
7.73,44.32,0.0,2823.0,7.35
3.77,0.0,133.8,34.9,68.04
13.38,14.93,0.0,4176.8,79.49
14.02,26.35,0.0,840.0,50.91
6.0,14.21,0.0,2883.7,47.37
7.46,49.16,0.0,4092.3,61.31
16.42,36.99,0.0,3927.2,33.64
1.65,17.84,0.0,5391.4,81.57
10.41,27.17,0.0,243.9,79.68
0.0,34.26,0.0,3219.2,96.71
0.0,0.0,76.9,27.4,58.35
7.23,24.3,0.0,270.5,68.07
6.6,6.37,52.8,2081.4,31.37
10.99,0.0,88.4,3.3,92.05
7.76,36.24,0.0,3676.0,32.5
5.04,36.81,0.0,1948.6,91.21
6.88,11.01,0.0,3843.9,64.33
7.07,38.44,0.0,1314.3,55.81
5.03,8.37,30.1,1776.6,20.73
2.65,5.78,45.1,3399.3,79.54
13.33,27.24,0.0,4444.9,95.46
4.52,48.46,0.0,2488.8,34.64
3.34,31.06,0.0,5138.3,53.86
9.6,0.0,86.3,15.7,58.68
11.95,41.72,0.0,3973.7,63.79
7.34,45.16,0.0,5117.1,77.08
6.16,39.87,0.0,1177.1,93.5
2.85,2.01,0.3,492.8,32.12
0.0,25.79,0.0,5031.4,93.67
7.84,24.97,0.0,5484.7,91.96
0.0,30.82,0.0,5100.6,96.21
11.17,0.0,61.9,23.1,10.73
5.65,0.0,36.8,4262.7,54.33
6.69,35.49,0.0,2578.1,16.25
8.55,48.05,0.0,3166.0,79.08
9.55,0.0,103.9,20.6,89.7
1.74,32.63,0.0,1847.4,66.93
8.02,31.83,0.0,5251.8,26.08
12.67,47.43,0.0,3841.0,72.29
6.42,25.72,0.0,2813.6,11.82
9.82,0.0,55.3,19.6,70.36
4.46,9.98,42.7,3751.3,21.91
7.72,17.1,0.0,3002.6,41.58
4.63,0.0,60.7,31.8,21.84
9.79,0.0,73.4,26.4,70.38
8.43,14.36,0.0,909.2,54.76
5.82,36.06,0.0,3249.0,52.03
7.81,34.75,0.0,2871.5,51.04
1.9,8.84,0.0,4005.7,5.77
7.7,29.58,0.0,344.6,81.65
0.75,58.01,0.0,472.7,6.38
5.66,1.68,53.6,3840.8,3.17
3.46,3.51,5.1,4538.5,99.29
11.43,22.14,0.0,3629.1,68.27
1.77,15.68,0.0,4030.4,17.85
4.86,40.0,0.0,3736.9,0.35
6.48,34.03,0.0,1969.3,53.19
3.3,29.08,0.0,4471.2,93.74
4.07,31.59,0.0,1212.8,76.61
5.53,14.71,0.0,362.9,3.36
2.41,0.0,61.7,22.0,40.23
10.44,0.0,70.3,21.5,28.93
0.06,25.06,0.0,1729.5,59.79
2.89,31.84,0.0,429.2,66.02
9.33,9.57,20.2,2164.6,87.97
15.39,25.05,0.0,4343.3,67.13
4.03,33.42,0.0,4173.8,37.65
7.98,21.76,0.0,4451.2,70.76
0.0,3.0,44.9,1056.5,55.73
8.23,33.03,0.0,4012.8,92.22
4.56,22.47,0.0,4817.6,26.85
1.18,27.53,0.0,2688.7,76.17
0.95,0.0,64.2,14.5,33.3
7.94,5.65,20.2,3041.8,99.96
6.39,10.36,0.0,2155.6,91.51
3.78,28.96,0.0,2785.3,35.93
10.78,8.0,0.0,5037.4,98.13
7.46,22.16,0.0,888.0,41.39
4.92,19.03,0.0,923.0,93.48
4.02,37.06,0.0,3634.9,37.98
1.93,0.0,88.3,0.0,25.73
3.58,30.43,0.0,1014.0,79.5
0.0,0.0,64.1,12.8,54.21
4.92,46.78,0.0,4227.4,84.67
3.99,32.19,0.0,149.4,84.25
12.23,16.87,0.0,3429.2,37.32
2.0,45.19,0.0,164.0,48.79
6.21,32.21,0.0,4491.0,27.47
5.9,0.0,70.0,12.4,80.62
7.55,36.31,0.0,4502.2,52.65
2.92,37.0,0.0,3151.0,40.6
6.92,10.5,12.5,3809.9,84.79
0.0,26.14,0.0,151.0,37.93
5.56,10.77,0.0,3155.6,49.99
8.83,0.0,52.7,14.5,9.54
11.65,11.51,0.0,351.4,47.55
13.65,18.41,0.0,277.7,56.35
1.98,13.04,35.4,2021.6,58.7
0.0,31.36,0.0,2201.4,16.25
13.58,0.0,60.5,9.5,33.17
5.24,2.51,55.2,4201.4,97.43
7.42,41.58,0.0,4277.2,76.9
4.87,43.92,0.0,2021.4,27.33
5.78,4.11,8.4,474.2,43.18
7.88,11.89,0.0,932.8,8.2
1.63,0.0,29.4,15.8,31.67
6.25,29.21,0.0,1111.9,35.99
8.12,27.68,0.0,2011.1,55.47
6.5,24.66,0.0,1676.0,59.8
9.52,51.18,0.0,5382.1,8.47
0.95,25.2,0.0,1726.1,16.96
7.49,18.5,0.0,2714.8,6.33
7.67,30.36,0.0,3306.6,25.17
11.6,20.15,0.0,1894.0,10.7
15.18,24.81,0.0,4503.6,80.41
9.17,0.0,74.4,21.6,97.42
7.06,8.48,51.3,3490.0,96.46
5.35,30.55,0.0,4509.1,57.59
9.88,15.2,0.0,3046.4,11.39
3.91,0.0,86.6,11.8,55.01
2.93,0.0,67.8,22.5,69.28
0.0,24.02,0.0,3656.8,49.93
3.79,0.0,128.4,28.7,78.91
2.14,38.33,0.0,3835.2,92.04
6.96,19.04,0.0,2999.3,89.55
11.89,40.45,0.0,2017.0,65.76
17.03,39.45,0.0,2257.9,67.75
10.15,0.0,54.3,14.3,1.05
10.78,18.39,0.0,2212.1,58.05
4.02,0.0,37.0,15.0,58.86
9.29,37.6,0.0,726.8,96.17
8.18,8.02,41.1,2407.0,45.53
10.43,25.75,0.0,4475.0,69.68
9.07,19.21,0.0,987.5,84.92
1.18,6.81,45.5,2821.3,24.39
6.46,9.04,21.5,194.5,18.45
2.71,20.03,0.0,3905.6,19.73
3.83,31.56,0.0,649.5,75.23
4.66,0.0,47.3,24.8,18.7
9.19,18.83,0.0,3323.6,63.91
2.84,24.23,0.0,3433.8,84.55
5.08,0.0,39.8,19.6,61.45
7.09,37.54,0.0,2858.5,30.54
11.61,24.27,0.0,3531.7,13.79
7.71,0.0,91.8,15.0,64.53
8.21,38.05,0.0,389.5,45.1
8.16,30.39,0.0,5304.7,81.52
0.0,30.58,0.0,4635.4,41.56
6.87,31.49,0.0,1677.3,76.11
3.64,28.29,0.0,4109.6,45.73
4.13,0.0,56.2,17.9,11.42
0.0,48.47,0.0,3050.3,82.26
7.65,8.41,5.8,1523.7,10.24
2.48,6.86,0.0,3889.4,81.67
10.78,20.51,0.0,3938.1,81.07
4.05,35.23,0.0,1217.5,16.6
8.09,27.1,0.0,1847.7,35.08
10.88,0.0,54.6,34.6,28.93
5.23,4.79,45.0,4962.8,96.28
0.0,0.0,72.6,9.3,12.69
9.21,0.0,22.7,1.9,67.62
6.35,13.76,0.0,4852.7,41.42
7.68,25.03,0.0,2093.0,51.56
15.24,11.17,35.5,3677.0,32.73
0.29,0.0,69.5,26.4,35.82
7.92,32.25,0.0,4573.1,42.96
9.07,17.35,0.0,1956.2,57.79
4.14,0.0,95.5,25.3,4.84
11.61,46.67,0.0,103.7,44.13
7.8,10.38,28.1,4667.0,13.19
4.1,29.97,0.0,4980.5,65.46
9.86,23.64,0.0,1364.4,39.63
11.83,0.0,88.5,15.1,70.37
6.9,47.91,0.0,3856.2,0.93
10.18,0.0,58.1,23.9,13.22
7.69,0.0,40.0,34.0,10.24
6.98,10.14,0.0,5461.9,13.31
5.49,29.7,0.0,2476.5,65.0
4.41,0.0,49.7,7.3,41.17
0.0,30.25,0.0,2173.8,10.05
0.66,7.54,47.4,467.0,31.45
1.57,20.35,0.0,3828.6,77.9
4.16,0.0,42.2,0.0,51.77
5.6,53.92,0.0,2772.4,5.46
0.05,17.78,0.0,5379.6,49.96
3.27,10.02,64.3,2863.5,93.39
3.23,11.43,0.0,4260.0,95.45
8.84,33.85,0.0,426.5,3.98
0.38,0.0,58.5,1.6,50.1
9.15,22.79,0.0,1773.5,53.66
3.85,35.31,0.0,2210.0,20.32
1.37,28.14,0.0,3872.8,83.45
4.66,0.0,69.9,16.5,84.65
0.75,34.75,0.0,4105.1,30.93
10.59,0.0,86.7,27.7,70.15
14.48,28.68,0.0,785.4,78.3
3.62,0.0,92.5,3.8,26.88
7.12,21.05,0.0,3946.5,6.39
9.9,36.16,0.0,2797.9,36.01
3.93,36.8,0.0,3199.1,10.29
6.65,0.0,89.5,19.9,4.4
3.73,46.31,0.0,4730.4,38.3
13.49,29.27,0.0,1837.7,91.39
1.84,29.36,0.0,2113.2,72.03
7.6,39.31,0.0,5399.6,90.19
12.52,3.62,38.5,4232.0,6.89
5.52,29.5,0.0,3144.6,20.07
2.8,20.66,0.0,2764.1,59.17
8.89,0.0,110.6,15.0,76.05
6.45,16.93,0.0,4836.9,23.3
12.29,2.79,2.5,3649.7,0.15
3.1,28.35,0.0,423.4,49.2
5.58,4.71,54.4,3519.2,92.13
3.09,34.63,0.0,821.0,97.46
6.91,0.0,35.7,10.6,7.48
6.26,8.33,44.8,3690.0,31.5
0.1,37.2,0.0,4311.7,27.2
7.22,36.89,0.0,2295.2,15.54
9.85,32.71,0.0,1531.0,96.46
9.31,21.22,0.0,3863.1,15.76
0.0,27.54,0.0,1440.4,83.59
7.54,25.89,0.0,5449.7,51.35
3.21,10.97,0.0,1449.2,40.44
7.96,31.19,0.0,4584.0,80.39
6.48,7.29,17.7,3170.0,13.07
3.31,25.41,0.0,217.7,81.27
9.54,22.53,0.0,4987.4,12.88
5.42,0.0,66.4,21.4,46.1
10.55,0.0,97.3,17.8,39.5
6.57,37.54,0.0,4870.5,27.99
3.8,23.86,0.0,2324.8,29.51
9.01,33.63,0.0,1177.1,13.72
0.43,0.0,54.3,23.4,80.22
0.0,0.0,32.3,11.8,35.91
2.03,5.96,29.1,4484.0,17.98
8.55,0.0,90.7,14.3,5.86
16.81,0.0,59.8,10.7,10.01
3.37,0.0,138.7,26.5,91.73
10.07,12.38,0.0,4631.8,35.48
8.4,0.0,90.0,7.8,80.62
0.0,44.62,0.0,3140.8,70.06
4.33,40.28,0.0,1768.9,98.8
2.85,30.92,0.0,2942.8,9.03
8.79,31.91,0.0,3971.5,91.79
8.02,5.72,38.8,2953.7,84.43
7.18,0.26,53.8,4712.5,86.07
5.05,27.92,0.0,950.5,10.1
8.05,10.21,27.9,912.3,79.18
2.81,0.0,39.5,918.0,78.7
11.26,43.5,0.0,5223.5,68.85
10.64,13.77,33.1,210.3,39.16
15.21,15.04,0.0,3154.0,22.09
10.2,9.84,47.1,4432.3,23.8
5.73,13.93,0.0,2511.8,70.9
0.0,38.42,0.0,683.4,24.95
7.27,26.54,0.0,4876.6,38.59
0.0,24.68,0.0,2689.2,37.87
5.47,0.0,54.3,9.5,65.1
7.89,21.73,0.0,5239.0,31.87
7.87,40.21,0.0,3054.0,73.2
10.48,0.0,78.5,12.5,61.36
6.11,7.35,27.5,551.2,16.5
8.28,47.25,0.0,4041.9,72.2
5.42,38.67,0.0,3187.6,4.96
8.15,0.0,79.4,10.9,42.76
11.66,37.25,0.0,1675.8,19.97
6.39,25.67,0.0,2741.1,84.38
9.76,0.0,44.6,13.2,9.11
3.04,0.0,79.9,8.0,26.33
6.62,30.25,0.0,562.8,6.16
0.06,45.75,0.0,3089.5,54.14
5.02,0.0,33.0,21.1,81.84
0.0,0.0,68.1,34.0,47.63
10.11,0.0,96.4,4.5,50.21
4.53,0.0,51.3,28.4,75.72
16.21,8.21,50.0,4942.0,80.85
11.62,29.71,0.0,1492.6,83.41
7.28,5.43,20.8,1417.2,38.81
8.14,33.82,0.0,2921.8,87.35
0.56,39.54,0.0,4195.2,41.44
10.27,4.72,31.5,1466.2,92.49
3.71,40.26,0.0,2722.2,38.3
9.12,32.25,0.0,3386.7,14.39
14.15,0.0,72.7,16.3,33.15
12.6,11.49,39.7,1550.1,89.7
0.0,30.97,0.0,4792.1,9.82
10.27,27.91,0.0,1554.9,82.58
4.43,23.87,0.0,4549.4,21.14
6.48,0.0,10.0,9.1,82.1
5.77,45.42,0.0,4848.4,50.68
11.88,41.38,0.0,1447.2,19.28
0.0,27.3,0.0,4546.9,91.8
2.93,32.13,0.0,2111.3,63.54
6.7,40.96,0.0,1988.7,17.76
2.13,29.88,0.0,1639.4,89.45
0.0,8.0,0.0,4728.4,16.29
1.46,28.53,0.0,208.3,67.77
10.08,0.0,115.0,16.2,76.76
5.58,29.07,0.0,4447.5,25.24
11.62,26.46,0.0,2133.0,42.38
5.94,43.45,0.0,4551.3,67.72
9.83,38.61,0.0,4653.7,66.24
2.7,16.86,0.0,683.8,29.85
11.71,28.75,0.0,1510.2,86.15
8.63,0.0,46.8,17.1,14.99
0.0,0.0,30.3,6.4,80.24
4.95,0.0,24.1,14.4,99.75
10.16,25.93,0.0,1125.5,3.53
0.97,0.0,17.2,11.2,22.24
3.76,2.85,57.1,946.6,84.54
0.0,28.81,0.0,4219.8,12.79
13.26,27.34,0.0,2018.5,67.97
7.49,0.0,65.3,6.3,30.71
3.87,52.53,0.0,4778.5,47.05
7.44,28.42,0.0,2802.6,88.94
3.52,0.0,74.2,18.3,5.41
4.28,8.0,0.0,2570.9,40.92
2.32,32.51,0.0,3507.6,71.57
1.45,39.59,0.0,4210.4,63.45
6.09,9.66,0.0,575.4,76.45
6.44,8.0,0.0,2169.9,63.35
11.92,28.59,0.0,1840.0,19.94
6.48,0.0,44.4,2.4,19.06
4.72,19.66,0.0,2171.2,12.89
9.71,49.39,0.0,1670.5,29.82
3.01,0.0,47.1,24.2,88.8
5.9,8.75,80.1,4595.1,35.93
6.87,49.16,0.0,4064.0,13.12
7.86,40.01,0.0,301.8,65.05
5.82,0.0,90.9,29.7,4.86
5.8,0.0,50.4,5.4,1.97
1.66,26.02,0.0,3854.0,15.31
4.14,46.76,0.0,1557.9,66.25
10.91,47.17,0.0,3981.3,10.49
7.43,33.74,0.0,1178.6,19.86
3.34,28.83,0.0,1694.9,70.34
3.27,30.19,0.0,1885.3,93.31
1.88,8.0,0.0,3712.7,83.52
10.04,37.71,0.0,647.0,72.36
7.41,65.0,0.0,2607.1,29.6
6.52,33.03,0.0,4428.6,29.06
5.87,24.65,0.0,347.8,75.82
4.73,0.0,46.9,2.1,35.75
8.13,0.0,66.3,9.2,9.3
9.1,27.76,0.0,4693.6,38.57
1.76,0.0,24.1,13.8,11.31
4.69,2.54,48.5,4021.2,15.94
7.64,0.0,82.2,29.9,35.86
7.09,0.0,98.3,31.5,97.34
4.96,31.95,0.0,1796.9,26.16
3.01,0.0,21.6,0.0,57.66
1.61,0.0,21.6,12.8,33.83
4.41,22.29,0.0,3752.0,34.57
8.71,17.0,0.0,394.7,98.78
10.29,49.45,0.0,4794.8,85.19
3.03,30.47,0.0,371.9,97.01
3.47,20.44,0.0,2579.1,23.5
0.0,0.0,75.8,23.6,44.71
9.18,0.0,32.8,21.7,10.26
10.58,38.83,0.0,1744.8,61.91
7.6,47.25,0.0,2062.0,95.04
6.75,43.02,0.0,3446.7,56.02
2.5,14.11,0.0,4200.3,11.4
1.91,48.97,0.0,1676.7,96.44
5.64,26.49,0.0,858.4,16.42
5.66,0.0,48.3,23.8,61.09
14.53,33.74,0.0,681.9,45.7
0.0,38.36,0.0,4269.6,92.66
1.45,36.21,0.0,2793.7,65.85
5.42,51.06,0.0,2707.8,4.86
2.98,36.97,0.0,4044.7,92.12
10.72,9.95,0.0,2822.2,38.74
1.11,47.57,0.0,1577.4,97.95
2.58,4.46,38.1,2093.1,97.05
5.97,0.0,38.9,25.1,70.15
1.16,7.27,61.7,1488.4,63.26
0.71,8.0,0.0,5275.0,65.01
4.79,20.05,0.0,2002.1,11.54
0.64,22.36,0.0,4138.5,41.75
4.26,0.0,107.2,12.8,80.83
5.87,36.19,0.0,969.1,67.03
12.33,39.79,0.0,1693.8,25.06
0.81,0.0,64.6,10.7,3.23
5.47,0.0,10.1,8.2,74.24
4.89,0.0,51.3,29.4,79.88
0.0,10.88,25.3,114.2,97.58
10.68,34.68,0.0,4581.9,62.06
0.0,2.98,8.2,2755.7,70.46
7.69,8.0,0.0,1058.1,29.42
6.95,0.0,74.3,7.4,51.38
8.95,22.04,0.0,1885.0,13.01
4.45,0.0,72.6,22.3,15.48
11.04,23.16,0.0,2749.0,66.19
1.6,46.35,0.0,1287.8,31.79
10.32,35.91,0.0,3000.0,41.59
6.5,38.18,0.0,2048.3,33.19
6.08,15.25,0.0,4547.9,99.66
11.94,6.25,57.8,3124.6,44.57
2.88,3.12,75.2,4727.7,68.26
2.84,27.55,0.0,4539.4,91.13
7.42,17.68,0.0,4950.7,4.39
0.0,27.45,0.0,5263.9,16.74
7.47,30.2,0.0,4277.3,67.03
4.33,0.0,65.4,7.0,53.78
0.0,0.0,98.5,8.9,64.66
2.53,32.73,0.0,393.0,8.75
1.11,0.0,48.3,14.5,22.76
9.96,47.85,0.0,2988.1,43.3
6.63,30.6,0.0,3884.8,61.83
0.69,46.58,0.0,1727.3,92.8
10.35,18.88,0.0,3667.9,76.53
7.53,37.83,0.0,4406.4,53.35
9.01,41.14,0.0,5036.5,96.01
10.73,0.0,17.3,32.5,72.93
4.07,27.91,0.0,3321.9,0.5
9.22,26.65,0.0,4979.2,74.83
1.08,39.02,0.0,969.2,51.26
7.33,23.2,0.0,4418.2,18.14
11.52,0.0,13.4,2.7,99.43
7.22,45.74,0.0,2730.8,6.74
9.72,26.92,0.0,3445.4,12.82
4.48,2.05,43.4,1563.1,31.78
2.51,25.43,0.0,2412.9,31.63
6.07,38.49,0.0,2455.1,73.98
10.32,0.0,90.4,5.8,87.79
6.87,37.37,0.0,4645.7,55.17
10.88,0.0,41.0,13.1,14.0
7.4,0.0,64.6,12.5,1.86
5.95,8.0,0.0,3078.6,40.51
1.33,9.58,0.0,2075.4,99.87
7.21,28.95,0.0,2609.4,77.21
2.7,12.31,0.0,4679.1,39.68
5.92,0.0,75.2,25.4,61.4
10.2,56.4,0.0,5325.8,65.94
2.25,0.0,62.4,11.4,21.88
6.11,37.03,0.0,2050.8,4.28
14.41,62.27,0.0,1850.0,45.46
9.23,0.0,82.8,0.0,52.14
3.62,27.96,0.0,2072.6,65.37
8.47,0.0,34.1,25.1,37.63
3.35,16.28,0.0,3362.7,86.77
6.38,32.43,0.0,3574.8,13.9
7.38,17.64,0.0,739.0,18.69
10.84,27.44,0.0,2685.6,81.12
1.5,31.28,0.0,333.0,16.12
5.26,27.67,0.0,3190.3,16.11
5.18,42.87,0.0,3336.5,25.83
15.12,26.64,0.0,1630.7,1.86
0.22,54.09,0.0,1021.1,44.92
5.64,0.0,72.8,0.0,60.08
4.31,22.07,0.0,1950.4,72.42
3.57,25.33,0.0,686.3,38.55
9.01,19.02,0.0,907.6,41.98
0.54,32.5,0.0,4332.9,3.9
9.39,39.27,0.0,3358.8,13.03
11.51,0.0,34.0,5.5,64.92
5.47,32.78,0.0,4363.6,52.98
13.14,28.9,0.0,3862.2,58.9
0.0,21.36,0.0,4738.9,13.39
6.42,23.48,0.0,3929.4,87.68
7.41,0.0,62.2,15.8,57.8
4.67,0.0,39.9,23.2,36.23
10.8,19.85,0.0,1588.0,85.5
7.76,0.0,22.6,24.1,75.5
2.51,41.12,0.0,1755.9,25.38
4.2,11.18,0.0,3660.1,85.5
0.14,0.0,72.8,17.2,16.18
9.95,23.86,0.0,968.0,55.06
0.08,7.41,41.1,4633.0,0.53
8.61,33.33,0.0,303.9,8.0
11.49,28.38,0.0,3942.7,52.1
12.98,22.56,0.0,2470.4,64.03
2.01,11.94,0.0,281.5,28.6
3.11,29.14,0.0,294.7,16.95
8.34,30.01,0.0,4310.2,99.68
1.8,39.76,0.0,4079.4,51.77
8.76,35.27,0.0,5041.0,82.98
9.13,27.79,0.0,1150.4,60.64
3.23,4.94,41.1,1506.5,40.71
6.96,11.91,24.0,4075.1,80.29
2.43,8.0,0.0,4257.8,56.32
10.3,0.0,53.3,13.0,46.07
5.51,8.0,0.0,3755.3,6.76
0.0,43.9,0.0,152.5,31.57
4.67,0.0,91.2,23.3,24.83
14.22,0.0,86.6,2.2,47.66
12.75,19.26,0.0,2794.6,94.71
0.0,35.69,0.0,1194.9,73.54
4.05,33.17,0.0,5069.0,61.86
7.58,0.0,27.9,3.9,66.34
10.43,33.61,0.0,2758.6,62.07
12.43,2.35,79.3,1437.3,49.08
5.13,50.27,0.0,2682.9,57.67
8.39,15.65,0.0,1043.9,50.25
9.77,1.56,42.6,108.5,69.82
2.9,24.81,0.0,1502.4,61.28
6.36,43.5,0.0,2076.0,61.31
7.53,48.07,0.0,4713.4,37.23
6.9,35.76,0.0,1334.3,57.59
5.63,38.73,0.0,2156.8,43.22
8.2,28.27,0.0,1053.7,80.57
13.78,29.35,0.0,3991.0,51.7
4.41,0.0,90.6,2.7,56.78
9.65,13.26,0.0,2529.2,81.38
6.83,8.0,0.0,1491.7,36.1
2.57,50.73,0.0,1174.4,12.12
0.0,39.54,0.0,2017.6,64.91
12.2,0.0,55.6,0.0,48.75
4.71,46.52,0.0,1004.9,14.48
3.05,0.0,90.1,17.2,57.16
4.75,25.94,0.0,1544.4,22.82
9.03,8.0,0.0,2061.1,27.12
8.71,23.44,0.0,224.7,96.55
7.31,0.0,96.1,9.3,66.2
6.93,34.85,0.0,4844.9,6.38
9.97,31.99,0.0,549.6,76.5
9.27,44.49,0.0,1770.6,88.55
4.8,46.45,0.0,4628.0,13.13
1.9,9.62,0.0,2671.2,32.52
2.91,5.4,65.4,926.3,44.48
4.82,19.84,0.0,2926.7,63.1
2.12,21.43,0.0,4445.4,30.97
10.08,29.37,0.0,100.5,36.58
9.4,0.0,44.3,24.4,84.79
14.56,16.33,0.0,149.3,47.71
5.23,38.39,0.0,2117.7,0.72
2.28,25.53,0.0,4080.4,16.33
3.74,36.49,0.0,1393.6,42.22
12.13,0.0,35.7,11.4,68.46
12.44,0.0,69.6,9.9,41.29
2.38,17.39,0.0,3462.9,27.21
7.27,30.47,0.0,1104.1,53.5
5.24,48.88,0.0,1357.2,72.71
2.34,30.44,0.0,4417.1,31.16
0.0,7.2,62.3,327.4,33.02
0.0,0.0,44.0,16.2,7.14
9.08,0.0,17.2,15.9,12.2
2.99,0.0,59.5,12.4,44.3
6.64,15.56,0.0,2653.3,98.21
4.66,0.0,80.4,37.7,62.92
8.47,24.85,0.0,4892.6,25.33
3.96,0.0,86.9,24.2,21.78
7.6,38.37,0.0,4361.4,11.96
12.76,35.47,0.0,3319.5,47.53
7.98,33.75,0.0,3440.7,9.14
11.6,5.92,15.9,3967.8,5.98
1.1,51.01,0.0,4186.2,23.27
5.19,0.0,73.4,29.3,43.87
11.67,49.23,0.0,2462.5,48.53
5.15,22.64,0.0,1977.4,18.66
4.8,0.0,106.6,11.4,91.45
5.49,29.04,0.0,103.9,29.57
9.81,30.92,0.0,4726.9,37.9
6.71,0.0,53.4,0.6,23.88
2.29,39.5,0.0,3077.9,49.75
3.48,45.42,0.0,2925.3,11.05
7.08,24.56,0.0,1191.2,87.35
10.23,39.08,0.0,3652.8,83.63
5.07,21.2,0.0,3372.1,36.64
8.48,26.51,0.0,4904.7,49.14
6.45,25.97,0.0,5166.5,55.8
1.73,43.81,0.0,1535.4,82.36
9.08,34.37,0.0,5287.2,94.46
5.23,15.4,0.0,2941.4,18.95
4.23,24.66,0.0,2342.0,74.92
3.57,21.36,0.0,3692.3,45.87
7.26,0.0,73.7,11.9,40.16
8.0,4.43,48.9,4957.7,44.3
1.29,44.72,0.0,4019.7,43.06
3.44,26.78,0.0,5101.2,76.57
10.23,26.88,0.0,4022.1,39.71
2.02,3.95,29.6,1148.3,99.34
9.2,0.0,76.7,1.2,2.17
1.19,24.94,0.0,935.5,92.59
4.65,35.16,0.0,3243.6,36.71
6.66,25.11,0.0,5056.6,39.98
4.83,0.0,16.2,22.0,17.29
0.56,21.62,0.0,4046.3,90.77
4.1,49.34,0.0,1978.8,7.85
8.36,0.0,94.1,0.1,41.65
2.88,16.65,0.0,4298.1,1.14
5.61,33.28,0.0,907.7,53.99
6.24,33.8,0.0,2221.6,73.16
2.08,21.99,0.0,1664.8,22.21
7.12,33.68,0.0,366.3,57.14
10.06,37.22,0.0,804.0,77.38
1.69,24.95,0.0,1158.9,65.22
5.73,21.01,0.0,4294.6,7.16
7.54,27.61,0.0,2387.1,67.17
3.69,44.54,0.0,1746.0,2.42
0.0,0.0,38.7,4100.0,44.22
6.96,31.14,0.0,706.8,37.38
0.0,51.67,0.0,4528.7,94.89
2.42,40.04,0.0,222.8,69.38
8.82,34.18,0.0,1496.8,53.8
10.67,41.73,0.0,199.3,72.99
10.81,37.06,0.0,1633.7,66.35
6.66,0.0,94.5,19.8,61.8
3.57,36.15,0.0,3664.5,85.21
13.98,0.0,66.0,16.2,64.94
9.89,3.59,71.8,2681.2,9.96
1.57,29.95,0.0,216.0,92.63
2.46,28.01,0.0,947.8,39.34
2.65,43.48,0.0,5382.5,23.62
8.13,14.43,0.0,4908.2,87.87
11.0,0.0,65.9,27.4,28.02
12.96,0.0,13.1,32.2,8.78
3.97,23.88,0.0,924.8,24.04
9.02,4.56,37.9,2729.7,54.22
8.1,0.0,45.8,29.6,86.26
14.71,59.75,0.0,883.8,97.58
9.03,4.7,44.5,1622.1,55.73
5.36,0.0,65.0,0.0,72.71
2.33,36.87,0.0,4928.3,93.38
4.96,11.16,48.5,3079.3,10.68
12.22,31.04,0.0,3811.8,56.7
8.89,15.98,0.0,3365.4,68.81
6.69,0.0,77.4,5.7,37.4
6.36,32.88,0.0,181.1,76.45
0.37,40.27,0.0,4192.0,98.82
16.45,14.54,0.0,2745.7,86.71
3.1,32.38,0.0,325.9,40.49
3.47,0.0,74.8,14.4,61.15
0.64,33.35,0.0,2538.7,87.58
1.28,0.0,90.2,14.7,4.24
5.52,14.74,0.0,3505.5,51.61
4.97,41.69,0.0,4569.2,30.46
1.13,37.74,0.0,2891.6,5.45
8.11,18.47,0.0,711.1,72.26
11.71,0.0,45.3,5.6,13.53
8.26,28.13,0.0,2555.3,59.03
3.39,47.87,0.0,3979.2,69.17
2.07,19.18,0.0,2928.6,11.42
7.19,8.0,0.0,2144.9,79.11
5.28,43.2,0.0,3661.5,76.83
3.29,38.18,0.0,2365.7,86.88
11.69,14.11,0.0,734.8,76.86
7.86,23.42,0.0,2576.7,20.29
3.87,0.0,111.7,15.7,54.35
2.14,22.78,0.0,528.8,41.02
6.17,45.1,0.0,3110.8,61.98
8.16,0.0,64.3,34.1,65.33
7.79,0.0,43.1,36.5,83.8
3.83,33.75,0.0,3399.9,67.21
0.18,0.0,35.3,2.4,17.74
7.46,5.12,53.3,1925.7,9.31
1.46,36.69,0.0,826.5,29.28
5.25,0.0,90.2,10.4,52.46
0.81,8.0,0.0,2711.8,72.97
0.0,0.0,80.5,14.3,93.39
4.02,43.39,0.0,2010.8,99.5
1.53,24.43,0.0,2759.5,63.19
1.15,18.04,0.0,108.5,97.93
4.59,25.74,0.0,4417.6,84.81
2.91,7.39,33.0,1045.9,56.04
5.54,24.93,0.0,1849.2,79.02
10.45,19.54,0.0,3426.4,68.58
11.39,24.72,0.0,3731.4,17.56
9.18,3.9,16.8,3154.6,79.73
2.48,0.0,54.8,0.9,78.4
9.39,0.0,56.6,6.4,29.93
7.58,47.63,0.0,4895.4,79.95
9.19,28.15,0.0,5411.5,3.12
8.85,16.95,0.0,3314.0,38.96
6.06,0.0,20.9,25.1,31.45
6.82,8.0,0.0,1267.2,23.76
8.92,34.53,0.0,5032.1,11.22
0.0,15.95,0.0,1127.1,2.49
6.51,0.87,29.9,759.3,73.24
10.13,0.0,10.0,25.8,67.67
10.76,28.92,0.0,5134.6,71.37
5.95,0.0,83.9,20.8,59.43
0.18,27.73,0.0,3218.8,31.25
8.74,23.38,0.0,1593.9,19.25
4.13,32.17,0.0,1577.6,14.93
2.56,19.94,0.0,1991.7,20.66
9.93,44.55,0.0,1422.1,28.33
3.24,22.87,0.0,802.4,44.36
5.15,24.93,0.0,2402.9,5.38
1.59,20.87,0.0,3876.6,83.62
3.18,50.45,0.0,3722.7,71.29
12.62,26.68,0.0,811.7,46.57
9.94,0.0,46.4,8.7,45.56
0.23,33.91,0.0,3431.5,23.17
13.84,4.62,6.9,3954.5,39.21
5.05,0.0,61.8,8.4,47.53
9.58,25.04,0.0,655.8,76.79
4.73,0.0,43.4,27.9,79.68
2.04,0.0,54.8,5.9,41.34
2.53,3.03,65.9,2975.3,38.38
0.0,0.0,77.4,16.3,54.45
11.87,17.62,0.0,3297.7,93.09
3.92,33.27,0.0,5261.8,55.51
3.76,38.08,0.0,2146.1,10.87
0.0,48.63,0.0,4891.2,66.02
9.97,7.69,35.0,788.6,63.61
1.95,40.05,0.0,3780.2,19.57
0.0,18.66,0.0,5194.0,30.46
9.65,28.8,0.0,143.8,8.93
4.28,6.89,17.8,313.0,29.42
9.7,0.0,28.5,30.4,82.08
6.58,0.0,98.7,10.9,39.43
9.58,22.88,0.0,1116.4,54.51
2.13,33.72,0.0,5486.3,92.45
4.04,0.0,64.0,15.8,13.43
1.73,0.0,62.2,27.4,99.02
8.91,33.96,0.0,2398.8,45.6
0.71,17.57,0.0,2018.7,50.94
4.59,9.49,0.0,1378.4,60.46
2.36,19.0,0.0,5382.5,41.08
4.91,40.42,0.0,3828.7,70.49
8.99,64.24,0.0,4305.9,73.13
4.82,33.98,0.0,2651.2,7.82
4.9,0.0,91.3,21.7,96.04
5.5,0.0,67.6,17.0,34.35
1.57,28.73,0.0,5287.1,46.92
1.84,0.0,115.2,20.0,28.92
5.26,0.0,28.1,9.0,6.14
6.41,36.07,0.0,1648.8,99.04
0.78,35.76,0.0,815.7,50.56
3.41,35.81,0.0,1042.9,85.79
6.17,9.42,0.0,1510.8,15.11
8.39,0.0,75.2,0.0,48.49
7.93,33.4,0.0,932.4,93.39
12.86,29.17,0.0,2477.0,23.79
7.59,48.95,0.0,3568.2,34.51
7.81,0.0,70.1,9.7,39.87
12.28,0.0,31.5,25.7,53.25
10.95,49.18,0.0,5107.0,1.19
1.56,8.0,0.0,321.5,68.29
0.0,0.3,69.4,1708.1,43.18
2.11,23.24,0.0,4275.0,9.83
2.71,0.0,46.0,11.5,73.43
5.08,22.97,0.0,3733.1,54.76
7.81,0.0,60.9,8.4,10.39
6.94,35.21,0.0,5167.9,19.31
6.26,0.0,93.9,10.6,83.55
11.75,0.0,93.7,3.1,12.99
0.0,44.7,0.0,1468.0,96.72
2.25,12.53,0.0,1592.5,93.62
0.0,31.32,0.0,974.6,90.34
2.49,22.0,0.0,424.3,77.71
8.42,2.75,43.5,4646.5,26.47
8.02,42.58,0.0,4251.0,14.39
0.51,9.24,0.0,657.8,71.54
3.26,26.05,0.0,4941.2,44.59
0.09,8.47,0.0,1538.8,66.46
10.32,0.0,41.6,25.8,51.54
4.29,34.07,0.0,3016.7,84.4
0.0,35.7,0.0,3163.1,95.42
1.82,4.74,16.6,3179.7,35.89
10.17,8.0,54.4,3844.2,96.09
8.15,41.46,0.0,1131.4,17.66
6.96,0.0,43.9,8.1,89.65
1.62,15.5,0.0,1142.7,13.99
2.13,0.0,44.0,6.7,6.3
5.14,8.0,0.0,300.0,83.43
10.15,35.8,0.0,4458.4,78.78
6.53,0.0,37.8,0.0,45.84
0.0,16.95,0.0,864.6,3.69
0.0,0.0,70.1,13.4,4.58
3.98,22.48,0.0,2563.4,5.0
12.65,32.35,0.0,2784.6,59.1
4.27,0.0,68.8,5.1,22.06
11.99,0.0,55.8,27.9,32.42
5.21,35.46,0.0,3302.7,83.64
0.0,37.85,0.0,3860.0,12.07
9.21,33.09,0.0,639.8,43.87
5.48,0.0,60.8,13.3,61.24
8.51,30.3,0.0,3619.5,8.91
0.0,0.0,82.8,12.6,77.26
3.46,8.0,0.0,3396.9,52.31
10.95,8.0,0.0,3486.8,18.0
6.01,0.0,78.3,15.2,34.79
4.24,28.98,0.0,4210.1,36.19
7.32,50.2,0.0,1592.7,65.93
7.76,12.53,0.0,2661.8,96.86
5.43,26.88,0.0,1639.3,64.49
2.34,48.73,0.0,333.9,75.84
8.22,0.0,52.9,10.1,78.55
6.19,0.0,41.5,10.1,72.14
4.42,20.45,0.0,1861.1,77.9
5.38,8.0,0.0,1291.6,37.55
0.0,32.47,0.0,5110.6,14.49
4.35,34.23,0.0,3512.9,71.98
6.62,7.49,45.1,4265.7,69.22
6.79,16.12,0.0,3359.6,17.12
12.94,0.0,48.3,11.1,63.8
7.04,4.99,0.0,2978.3,85.7
6.89,0.0,54.9,0.0,27.92
3.54,43.97,0.0,3295.6,89.18
5.64,29.46,0.0,316.3,98.02
6.12,26.88,0.0,2688.1,53.11
7.9,0.0,35.3,13.5,24.05
5.77,0.0,74.1,21.2,94.99
9.85,37.4,0.0,3897.8,30.48
5.98,0.0,54.4,17.8,45.48
0.0,20.8,0.0,3520.4,78.99
9.25,0.0,77.6,9.4,7.07
3.17,34.27,0.0,3029.1,94.61
6.39,0.0,50.0,14.7,88.08
4.66,7.11,28.7,1859.7,67.47
4.35,35.57,0.0,461.8,55.88
9.17,0.0,127.7,23.6,23.86
8.99,7.99,31.5,3737.8,58.01
4.1,37.56,0.0,1596.6,68.02
3.4,41.44,0.0,762.6,52.67
3.85,0.0,32.2,2.0,29.23
1.06,7.03,32.3,4464.9,80.88
13.48,42.38,0.0,5265.8,28.84
5.0,48.3,0.0,4825.0,49.63
3.68,22.83,0.0,3023.7,96.96
3.53,40.67,0.0,1674.2,64.47
8.01,23.71,0.0,3581.2,94.74
2.83,44.44,0.0,3304.1,32.63
8.37,0.0,37.3,26.9,30.41
11.21,8.0,0.0,4256.6,26.0
7.05,23.04,0.0,5090.3,35.31
6.66,0.0,107.1,11.8,28.52
4.84,0.0,47.5,23.4,23.79
6.89,36.17,0.0,287.3,26.04
10.71,19.57,0.0,978.0,34.38
9.57,18.35,0.0,885.1,92.04
8.66,49.65,0.0,5368.2,32.02
6.18,20.2,0.0,5197.7,70.55
6.54,8.33,55.6,4539.1,57.37
3.58,11.94,0.0,852.9,90.02
4.55,41.36,0.0,2508.3,84.09
11.39,35.82,0.0,1299.6,58.34
5.85,6.63,6.9,482.5,53.84
8.01,23.24,0.0,5194.4,19.45
10.97,9.52,66.4,1879.7,36.11
5.2,40.9,0.0,4821.2,97.75
5.4,17.12,0.0,4439.9,99.26
9.64,8.0,0.0,4940.7,42.38
4.55,27.35,0.0,2662.9,20.78
7.47,0.0,59.2,15.2,96.01
4.28,16.87,0.0,3935.3,91.44
8.61,0.0,69.6,24.0,13.69
13.22,35.89,0.0,1741.1,83.46
5.09,30.64,0.0,1518.5,0.24
8.28,3.07,51.2,2484.8,65.38
3.41,0.0,74.7,20.5,24.48
12.04,8.02,0.0,3158.6,58.11
2.77,40.51,0.0,3206.4,69.42
9.27,0.0,80.5,18.2,16.28
7.57,0.0,71.2,0.0,27.27
10.27,8.0,0.0,2874.9,28.99
4.26,0.0,94.6,24.4,18.32
11.21,13.86,0.0,1725.8,68.5
5.32,0.0,49.6,15.7,58.0
5.42,19.1,0.0,5018.3,37.3
6.35,31.4,0.0,4944.1,15.46
8.54,15.4,0.0,3076.0,83.14
5.21,0.0,50.3,16.0,11.4
10.05,0.0,46.8,3.0,31.16
11.6,0.0,62.0,5.9,59.76
13.22,0.0,68.2,18.4,22.24
4.26,33.32,0.0,3830.4,12.53
7.18,0.0,66.5,0.0,7.77
11.53,43.35,0.0,420.0,51.35
5.97,34.44,0.0,4174.6,66.76
8.38,0.0,51.8,18.7,90.12
9.41,57.32,0.0,1978.3,84.59
2.52,28.8,0.0,3179.3,50.06
3.05,38.36,0.0,1134.4,57.81
6.25,8.0,0.0,632.9,90.17
3.51,26.99,0.0,3282.7,50.42
2.31,34.73,0.0,2149.9,95.77
9.4,56.32,0.0,767.5,22.76
